timestamp;buyer;seller;symbol;currency;price;quantity
2500;;SUBMISSION;VELVETFRUIT_EXTRACT;XIREC;5249.0;4
2900;SUBMISSION;;VEV_5400;XIREC;22.0;3
2900;SUBMISSION;;VEV_5500;XIREC;8.0;3
2900;;;VEV_6000;XIREC;0.0;3
2900;;;VEV_6500;XIREC;0.0;3
3400;SUBMISSION;;VELVETFRUIT_EXTRACT;XIREC;5247.0;19
3600;SUBMISSION;;VELVETFRUIT_EXTRACT;XIREC;5246.0;16
3800;SUBMISSION;;VELVETFRUIT_EXTRACT;XIREC;5243.0;11
3900;SUBMISSION;;VELVETFRUIT_EXTRACT;XIREC;5246.0;55
4000;SUBMISSION;;VELVETFRUIT_EXTRACT;XIREC;5245.0;52
4100;SUBMISSION;;VELVETFRUIT_EXTRACT;XIREC;5244.0;19
4100;SUBMISSION;;VELVETFRUIT_EXTRACT;XIREC;5245.0;32
5200;;;VELVETFRUIT_EXTRACT;XIREC;5236.0;3
5500;;SUBMISSION;VELVETFRUIT_EXTRACT;XIREC;5240.0;8
5600;SUBMISSION;;VELVETFRUIT_EXTRACT;XIREC;5240.0;8
8000;;SUBMISSION;HYDROGEL_PACK;XIREC;10017.0;6
9000;SUBMISSION;;VEV_4000;XIREC;1227.0;2
9300;;;VELVETFRUIT_EXTRACT;XIREC;5229.0;6
10100;;SUBMISSION;HYDROGEL_PACK;XIREC;10013.0;5
11100;;SUBMISSION;VEV_4000;XIREC;1241.0;1
11900;;SUBMISSION;VELVETFRUIT_EXTRACT;XIREC;5236.0;4
12000;SUBMISSION;;VELVETFRUIT_EXTRACT;XIREC;5240.0;4
14000;;SUBMISSION;VELVETFRUIT_EXTRACT;XIREC;5242.0;7
15200;SUBMISSION;;VEV_5400;XIREC;21.0;5
15200;SUBMISSION;;VEV_5500;XIREC;7.0;5
15200;;;VEV_6000;XIREC;0.0;5
15200;;;VEV_6500;XIREC;0.0;5
15300;;SUBMISSION;HYDROGEL_PACK;XIREC;10025.0;3
15400;SUBMISSION;;VEV_4000;XIREC;1237.0;3
15700;SUBMISSION;;HYDROGEL_PACK;XIREC;10010.0;2
16400;SUBMISSION;;HYDROGEL_PACK;XIREC;10010.0;4
16800;SUBMISSION;;VELVETFRUIT_EXTRACT;XIREC;5243.0;7
17000;;SUBMISSION;VELVETFRUIT_EXTRACT;XIREC;5239.0;6
17100;SUBMISSION;;VELVETFRUIT_EXTRACT;XIREC;5243.0;6
18600;;SUBMISSION;VEV_4000;XIREC;1242.0;3
19900;;;VELVETFRUIT_EXTRACT;XIREC;5236.0;7
20300;SUBMISSION;;HYDROGEL_PACK;XIREC;10003.0;5
20500;SUBMISSION;;HYDROGEL_PACK;XIREC;10001.0;3
20700;;SUBMISSION;VELVETFRUIT_EXTRACT;XIREC;5237.0;5
20800;SUBMISSION;;VELVETFRUIT_EXTRACT;XIREC;5239.0;5
22500;;;VELVETFRUIT_EXTRACT;XIREC;5234.0;4
23200;;;VELVETFRUIT_EXTRACT;XIREC;5234.0;4
23300;;SUBMISSION;HYDROGEL_PACK;XIREC;9996.0;2
24400;SUBMISSION;;VEV_4000;XIREC;1230.0;1
26100;;SUBMISSION;VELVETFRUIT_EXTRACT;XIREC;5227.0;5
26200;SUBMISSION;;VELVETFRUIT_EXTRACT;XIREC;5230.0;5
27300;;;VELVETFRUIT_EXTRACT;XIREC;5230.0;3
28400;;;VELVETFRUIT_EXTRACT;XIREC;5230.0;8
28500;;SUBMISSION;HYDROGEL_PACK;XIREC;9993.0;5
29100;SUBMISSION;;HYDROGEL_PACK;XIREC;9974.0;6
29800;;SUBMISSION;VELVETFRUIT_EXTRACT;XIREC;5231.0;4
29900;SUBMISSION;;VELVETFRUIT_EXTRACT;XIREC;5230.0;4
31700;SUBMISSION;;VEV_5400;XIREC;18.0;5
31700;SUBMISSION;;VEV_5500;XIREC;6.0;5
31700;;;VEV_6000;XIREC;0.0;5
31700;;;VEV_6500;XIREC;0.0;5
33300;;SUBMISSION;VELVETFRUIT_EXTRACT;XIREC;5232.0;6
33400;SUBMISSION;;VELVETFRUIT_EXTRACT;XIREC;5232.0;6
36500;;;VELVETFRUIT_EXTRACT;XIREC;5229.0;7
36800;;;VELVETFRUIT_EXTRACT;XIREC;5228.0;7
37300;;;VELVETFRUIT_EXTRACT;XIREC;5231.0;5
38200;;;VELVETFRUIT_EXTRACT;XIREC;5232.0;5
38400;;SUBMISSION;VELVETFRUIT_EXTRACT;XIREC;5234.0;3
38500;SUBMISSION;;VELVETFRUIT_EXTRACT;XIREC;5234.0;3
38700;;SUBMISSION;VELVETFRUIT_EXTRACT;XIREC;5235.0;6
38800;SUBMISSION;;VELVETFRUIT_EXTRACT;XIREC;5235.0;6
39900;;;VELVETFRUIT_EXTRACT;XIREC;5230.0;8
40500;;;VELVETFRUIT_EXTRACT;XIREC;5232.0;7
41500;;SUBMISSION;VEV_4000;XIREC;1237.0;1
45100;SUBMISSION;;VEV_5400;XIREC;19.0;2
45100;SUBMISSION;;VEV_5500;XIREC;7.0;2
45100;;;VEV_6000;XIREC;0.0;2
45100;;;VEV_6500;XIREC;0.0;2
45800;SUBMISSION;;HYDROGEL_PACK;XIREC;9979.0;2
47900;;;VELVETFRUIT_EXTRACT;XIREC;5234.0;4
54300;;;VELVETFRUIT_EXTRACT;XIREC;5239.0;4
54600;;SUBMISSION;HYDROGEL_PACK;XIREC;9986.0;3
54900;;SUBMISSION;VELVETFRUIT_EXTRACT;XIREC;5239.0;4
55000;;SUBMISSION;HYDROGEL_PACK;XIREC;9986.0;6
55000;SUBMISSION;;VELVETFRUIT_EXTRACT;XIREC;5237.0;4
56700;;SUBMISSION;HYDROGEL_PACK;XIREC;9990.0;6
57500;;SUBMISSION;VELVETFRUIT_EXTRACT;XIREC;5245.0;4
57900;SUBMISSION;;VEV_4000;XIREC;1237.0;1
60000;SUBMISSION;;HYDROGEL_PACK;XIREC;9989.0;4
61900;;SUBMISSION;VELVETFRUIT_EXTRACT;XIREC;5241.0;5
62400;SUBMISSION;;VEV_4000;XIREC;1234.0;2
63900;SUBMISSION;;HYDROGEL_PACK;XIREC;9987.0;5
64400;SUBMISSION;;VELVETFRUIT_EXTRACT;XIREC;5237.0;9
65600;;SUBMISSION;VELVETFRUIT_EXTRACT;XIREC;5237.0;8
65800;SUBMISSION;;VELVETFRUIT_EXTRACT;XIREC;5237.0;8
67600;;SUBMISSION;HYDROGEL_PACK;XIREC;9992.0;5
68400;;;VEV_6000;XIREC;0.0;5
68400;;;VEV_6500;XIREC;0.0;5
69200;;;VELVETFRUIT_EXTRACT;XIREC;5239.0;8
69500;SUBMISSION;;VEV_5300;XIREC;48.0;5
69500;SUBMISSION;;VEV_5400;XIREC;20.0;5
69500;SUBMISSION;;VEV_5500;XIREC;7.0;5
69500;;;VEV_6000;XIREC;0.0;5
69500;;;VEV_6500;XIREC;0.0;5
73000;SUBMISSION;;HYDROGEL_PACK;XIREC;9981.0;3
75300;;SUBMISSION;VEV_4000;XIREC;1248.0;3
75500;;SUBMISSION;VELVETFRUIT_EXTRACT;XIREC;5242.0;6
75800;SUBMISSION;;VELVETFRUIT_EXTRACT;XIREC;5241.0;3
76300;;SUBMISSION;VELVETFRUIT_EXTRACT;XIREC;5246.0;8
77800;;SUBMISSION;HYDROGEL_PACK;XIREC;9989.0;2
79000;SUBMISSION;;VEV_4000;XIREC;1240.0;2
79800;SUBMISSION;;VELVETFRUIT_EXTRACT;XIREC;5248.0;6
79800;;SUBMISSION;VEV_4000;XIREC;1255.0;1
79900;;SUBMISSION;VEV_4000;XIREC;1256.0;2
81700;;SUBMISSION;VEV_4000;XIREC;1259.0;1
85300;;SUBMISSION;VELVETFRUIT_EXTRACT;XIREC;5244.0;6
85800;SUBMISSION;;VELVETFRUIT_EXTRACT;XIREC;5239.0;4
86300;;SUBMISSION;VELVETFRUIT_EXTRACT;XIREC;5243.0;7
86800;;SUBMISSION;VELVETFRUIT_EXTRACT;XIREC;5244.0;6
87400;SUBMISSION;;VEV_5300;XIREC;47.0;3
87400;SUBMISSION;;VEV_5400;XIREC;20.0;3
87400;SUBMISSION;;VEV_5500;XIREC;7.0;3
87400;;;VEV_6000;XIREC;0.0;3
87400;;;VEV_6500;XIREC;0.0;3
87800;SUBMISSION;;VELVETFRUIT_EXTRACT;XIREC;5238.0;20
88000;;SUBMISSION;VEV_4000;XIREC;1242.0;1
88900;SUBMISSION;;VEV_5500;XIREC;7.0;4
88900;;;VEV_6000;XIREC;0.0;4
88900;;;VEV_6500;XIREC;0.0;4
89300;;SUBMISSION;VELVETFRUIT_EXTRACT;XIREC;5236.0;5
89400;SUBMISSION;;VELVETFRUIT_EXTRACT;XIREC;5236.0;5
90000;;SUBMISSION;HYDROGEL_PACK;XIREC;9949.0;6
92600;;SUBMISSION;VELVETFRUIT_EXTRACT;XIREC;5231.0;5
92700;SUBMISSION;;VELVETFRUIT_EXTRACT;XIREC;5233.0;5
93200;;SUBMISSION;HYDROGEL_PACK;XIREC;9947.0;6
94600;SUBMISSION;;HYDROGEL_PACK;XIREC;9932.0;3
94900;SUBMISSION;;HYDROGEL_PACK;XIREC;9935.0;4
96800;SUBMISSION;;HYDROGEL_PACK;XIREC;9941.0;2
98200;;SUBMISSION;VEV_4000;XIREC;1241.0;3
99100;;SUBMISSION;VEV_4000;XIREC;1246.0;1
100000;;SUBMISSION;VELVETFRUIT_EXTRACT;XIREC;5239.0;4
100900;SUBMISSION;;VELVETFRUIT_EXTRACT;XIREC;5237.0;4
101800;;SUBMISSION;VELVETFRUIT_EXTRACT;XIREC;5240.0;4
102000;SUBMISSION;;VELVETFRUIT_EXTRACT;XIREC;5236.0;4
102200;SUBMISSION;;HYDROGEL_PACK;XIREC;9947.0;5
102600;;;VELVETFRUIT_EXTRACT;XIREC;5236.0;4
104800;;SUBMISSION;VELVETFRUIT_EXTRACT;XIREC;5234.0;6
104900;SUBMISSION;;VELVETFRUIT_EXTRACT;XIREC;5235.0;6
105100;SUBMISSION;;HYDROGEL_PACK;XIREC;9944.0;4
105600;;SUBMISSION;VELVETFRUIT_EXTRACT;XIREC;5235.0;12
106100;SUBMISSION;;HYDROGEL_PACK;XIREC;9944.0;6
106200;SUBMISSION;;VELVETFRUIT_EXTRACT;XIREC;5237.0;12
108800;;SUBMISSION;HYDROGEL_PACK;XIREC;9948.0;2
109300;SUBMISSION;;VEV_4000;XIREC;1221.0;1
109500;SUBMISSION;;HYDROGEL_PACK;XIREC;9927.0;2
109700;SUBMISSION;;VEV_5300;XIREC;41.0;4
109700;SUBMISSION;;VEV_5400;XIREC;17.0;4
109700;SUBMISSION;;VEV_5500;XIREC;6.0;4
109700;;;VEV_6000;XIREC;0.0;4
109700;;;VEV_6500;XIREC;0.0;4
110200;;;VELVETFRUIT_EXTRACT;XIREC;5224.0;5
110600;SUBMISSION;;VEV_5300;XIREC;41.0;3
110600;SUBMISSION;;VEV_5400;XIREC;17.0;3
110600;SUBMISSION;;VEV_5500;XIREC;6.0;3
110600;;;VEV_6000;XIREC;0.0;3
110600;;;VEV_6500;XIREC;0.0;3
112900;;SUBMISSION;VELVETFRUIT_EXTRACT;XIREC;5223.0;5
113000;SUBMISSION;;VELVETFRUIT_EXTRACT;XIREC;5224.0;5
116000;SUBMISSION;;VEV_4000;XIREC;1211.0;1
116300;SUBMISSION;;HYDROGEL_PACK;XIREC;9930.0;5
117700;;SUBMISSION;VELVETFRUIT_EXTRACT;XIREC;5222.0;8
117800;SUBMISSION;;VELVETFRUIT_EXTRACT;XIREC;5223.0;8
120900;;;VELVETFRUIT_EXTRACT;XIREC;5219.0;5
121500;;SUBMISSION;VEV_4000;XIREC;1228.0;2
122600;;SUBMISSION;VEV_4000;XIREC;1237.0;2
123200;;;VELVETFRUIT_EXTRACT;XIREC;5230.0;5
125000;;SUBMISSION;HYDROGEL_PACK;XIREC;9971.0;4
125700;SUBMISSION;;VEV_5300;XIREC;45.0;4
125700;SUBMISSION;;VEV_5500;XIREC;7.0;4
125700;;;VEV_6000;XIREC;0.0;4
125700;;;VEV_6500;XIREC;0.0;4
127700;;SUBMISSION;VELVETFRUIT_EXTRACT;XIREC;5240.0;8
128500;SUBMISSION;;HYDROGEL_PACK;XIREC;9956.0;5
130400;;SUBMISSION;VEV_4000;XIREC;1245.0;2
130800;SUBMISSION;;VEV_4000;XIREC;1233.0;1
132000;SUBMISSION;;HYDROGEL_PACK;XIREC;9951.0;3
132900;SUBMISSION;;HYDROGEL_PACK;XIREC;9957.0;2
133600;;SUBMISSION;HYDROGEL_PACK;XIREC;9969.0;5
134400;SUBMISSION;;VEV_4000;XIREC;1236.0;2
136700;;SUBMISSION;VELVETFRUIT_EXTRACT;XIREC;5238.0;3
136800;;SUBMISSION;HYDROGEL_PACK;XIREC;9954.0;5
137400;SUBMISSION;;VELVETFRUIT_EXTRACT;XIREC;5234.0;11
140500;;SUBMISSION;VEV_4000;XIREC;1234.0;3
140800;;SUBMISSION;VELVETFRUIT_EXTRACT;XIREC;5233.0;7
141500;SUBMISSION;;VELVETFRUIT_EXTRACT;XIREC;5233.0;7
141700;SUBMISSION;;HYDROGEL_PACK;XIREC;9940.0;2
141700;;SUBMISSION;VELVETFRUIT_EXTRACT;XIREC;5233.0;6
142400;SUBMISSION;;VELVETFRUIT_EXTRACT;XIREC;5232.0;5
143200;SUBMISSION;;VELVETFRUIT_EXTRACT;XIREC;5233.0;1
143600;SUBMISSION;;HYDROGEL_PACK;XIREC;9950.0;4
144100;;;VELVETFRUIT_EXTRACT;XIREC;5227.0;7
144500;;SUBMISSION;HYDROGEL_PACK;XIREC;9965.0;3
145100;;SUBMISSION;VELVETFRUIT_EXTRACT;XIREC;5228.0;5
145200;SUBMISSION;;VELVETFRUIT_EXTRACT;XIREC;5227.0;5
148100;;;VELVETFRUIT_EXTRACT;XIREC;5223.0;3
148500;;SUBMISSION;VEV_4000;XIREC;1231.0;3
148700;;;VELVETFRUIT_EXTRACT;XIREC;5223.0;8
150500;SUBMISSION;;VEV_4000;XIREC;1225.0;2
152200;;SUBMISSION;VELVETFRUIT_EXTRACT;XIREC;5236.0;3
152400;SUBMISSION;;VELVETFRUIT_EXTRACT;XIREC;5232.0;3
153400;SUBMISSION;;HYDROGEL_PACK;XIREC;9965.0;4
155200;;SUBMISSION;HYDROGEL_PACK;XIREC;9990.0;5
155600;;SUBMISSION;VEV_4000;XIREC;1248.0;2
156600;;SUBMISSION;VELVETFRUIT_EXTRACT;XIREC;5243.0;4
157400;SUBMISSION;;VEV_5300;XIREC;47.0;2
157400;SUBMISSION;;VEV_5500;XIREC;7.0;2
157400;;;VEV_6000;XIREC;0.0;2
157400;;;VEV_6500;XIREC;0.0;2
158100;;SUBMISSION;HYDROGEL_PACK;XIREC;9973.0;5
159000;;SUBMISSION;VELVETFRUIT_EXTRACT;XIREC;5248.0;6
159300;SUBMISSION;;HYDROGEL_PACK;XIREC;9970.0;2
160800;SUBMISSION;;VEV_5500;XIREC;8.0;4
160800;;;VEV_6000;XIREC;0.0;4
160800;;;VEV_6500;XIREC;0.0;4
162500;SUBMISSION;;VEV_4000;XIREC;1247.0;1
163300;;SUBMISSION;HYDROGEL_PACK;XIREC;9976.0;3
164600;SUBMISSION;;HYDROGEL_PACK;XIREC;9963.0;3
166000;SUBMISSION;;VEV_4000;XIREC;1244.0;2
169000;SUBMISSION;;HYDROGEL_PACK;XIREC;9954.0;3
169400;;SUBMISSION;VELVETFRUIT_EXTRACT;XIREC;5252.0;6
169900;SUBMISSION;;VEV_5400;XIREC;22.0;5
169900;;;VEV_6000;XIREC;0.0;5
169900;;;VEV_6500;XIREC;0.0;5
171500;;SUBMISSION;HYDROGEL_PACK;XIREC;9981.0;5
172800;;SUBMISSION;VELVETFRUIT_EXTRACT;XIREC;5251.0;3
173200;;SUBMISSION;VELVETFRUIT_EXTRACT;XIREC;5252.0;5
173700;SUBMISSION;;VEV_5500;XIREC;8.0;2
173700;;;VEV_6000;XIREC;0.0;2
173700;;;VEV_6500;XIREC;0.0;2
173900;SUBMISSION;;VELVETFRUIT_EXTRACT;XIREC;5246.0;5
175300;;SUBMISSION;HYDROGEL_PACK;XIREC;9968.0;6
176000;SUBMISSION;;VEV_5400;XIREC;19.0;3
176000;SUBMISSION;;VEV_5500;XIREC;7.0;3
176000;;;VEV_6000;XIREC;0.0;3
176000;;;VEV_6500;XIREC;0.0;3
177200;SUBMISSION;;VEV_5400;XIREC;19.0;2
177200;;;VEV_6000;XIREC;0.0;2
177200;;;VEV_6500;XIREC;0.0;2
178100;SUBMISSION;;HYDROGEL_PACK;XIREC;9959.0;2
178300;;SUBMISSION;VELVETFRUIT_EXTRACT;XIREC;5238.0;6
178800;SUBMISSION;;VELVETFRUIT_EXTRACT;XIREC;5238.0;5
179500;SUBMISSION;;VELVETFRUIT_EXTRACT;XIREC;5237.0;3
181700;SUBMISSION;;VEV_5300;XIREC;45.0;4
181700;SUBMISSION;;VEV_5400;XIREC;18.0;4
181700;SUBMISSION;;VEV_5500;XIREC;7.0;4
181700;;;VEV_6000;XIREC;0.0;4
181700;;;VEV_6500;XIREC;0.0;4
181900;;SUBMISSION;HYDROGEL_PACK;XIREC;9979.0;3
182400;;SUBMISSION;HYDROGEL_PACK;XIREC;9976.0;5
183300;;SUBMISSION;HYDROGEL_PACK;XIREC;9972.0;4
184900;SUBMISSION;;VEV_5300;XIREC;45.0;2
184900;SUBMISSION;;VEV_5400;XIREC;18.0;2
184900;SUBMISSION;;VEV_5500;XIREC;7.0;2
184900;;;VEV_6000;XIREC;0.0;2
184900;;;VEV_6500;XIREC;0.0;2
185800;SUBMISSION;;HYDROGEL_PACK;XIREC;9962.0;6
186600;SUBMISSION;;VEV_5300;XIREC;46.0;3
186600;SUBMISSION;;VEV_5500;XIREC;7.0;3
186600;;;VEV_6000;XIREC;0.0;3
186600;;;VEV_6500;XIREC;0.0;3
188500;SUBMISSION;;VELVETFRUIT_EXTRACT;XIREC;5235.0;17
190100;SUBMISSION;;VEV_5300;XIREC;45.0;4
190100;SUBMISSION;;VEV_5400;XIREC;18.0;4
190100;SUBMISSION;;VEV_5500;XIREC;7.0;4
190100;;;VEV_6000;XIREC;0.0;4
190100;;;VEV_6500;XIREC;0.0;4
190500;SUBMISSION;;VEV_4000;XIREC;1229.0;2
190600;SUBMISSION;;HYDROGEL_PACK;XIREC;9944.0;6
193000;SUBMISSION;;VEV_5300;XIREC;43.0;2
193000;SUBMISSION;;VEV_5400;XIREC;17.0;2
193000;SUBMISSION;;VEV_5500;XIREC;6.0;2
193000;;;VEV_6000;XIREC;0.0;2
193000;;;VEV_6500;XIREC;0.0;2
195800;;SUBMISSION;VELVETFRUIT_EXTRACT;XIREC;5233.0;8
196100;SUBMISSION;;VELVETFRUIT_EXTRACT;XIREC;5234.0;8
196500;;;VELVETFRUIT_EXTRACT;XIREC;5227.0;7
196600;SUBMISSION;;HYDROGEL_PACK;XIREC;9954.0;3
197000;;SUBMISSION;HYDROGEL_PACK;XIREC;9966.0;6
198200;SUBMISSION;;VEV_5300;XIREC;42.0;5
198200;SUBMISSION;;VEV_5400;XIREC;16.0;5
198200;SUBMISSION;;VEV_5500;XIREC;6.0;5
198200;;;VEV_6000;XIREC;0.0;5
198200;;;VEV_6500;XIREC;0.0;5
199300;;SUBMISSION;VELVETFRUIT_EXTRACT;XIREC;5232.0;7
199400;SUBMISSION;;VELVETFRUIT_EXTRACT;XIREC;5232.0;7
199700;;;VELVETFRUIT_EXTRACT;XIREC;5227.0;4
200700;;SUBMISSION;VELVETFRUIT_EXTRACT;XIREC;5234.0;7
201100;SUBMISSION;;VELVETFRUIT_EXTRACT;XIREC;5233.0;7
201900;;;VELVETFRUIT_EXTRACT;XIREC;5230.0;4
202500;;SUBMISSION;VELVETFRUIT_EXTRACT;XIREC;5232.0;6
202700;SUBMISSION;;VELVETFRUIT_EXTRACT;XIREC;5233.0;6
203600;;SUBMISSION;VELVETFRUIT_EXTRACT;XIREC;5229.0;10
203700;SUBMISSION;;VELVETFRUIT_EXTRACT;XIREC;5231.0;10
203900;;SUBMISSION;HYDROGEL_PACK;XIREC;9977.0;6
206200;;SUBMISSION;HYDROGEL_PACK;XIREC;9982.0;5
206700;SUBMISSION;;HYDROGEL_PACK;XIREC;9963.0;5
207200;SUBMISSION;;HYDROGEL_PACK;XIREC;9963.0;4
207600;;SUBMISSION;HYDROGEL_PACK;XIREC;9979.0;6
209000;;SUBMISSION;HYDROGEL_PACK;XIREC;9988.0;5
209400;;SUBMISSION;VELVETFRUIT_EXTRACT;XIREC;5230.0;5
209500;SUBMISSION;;VELVETFRUIT_EXTRACT;XIREC;5231.0;5
210700;;SUBMISSION;VELVETFRUIT_EXTRACT;XIREC;5237.0;6
211300;SUBMISSION;;VELVETFRUIT_EXTRACT;XIREC;5228.0;5
211300;SUBMISSION;;VELVETFRUIT_EXTRACT;XIREC;5231.0;1
212100;;SUBMISSION;VEV_4000;XIREC;1229.0;2
212900;SUBMISSION;;VEV_5400;XIREC;15.0;2
212900;SUBMISSION;;VEV_5500;XIREC;6.0;2
212900;;;VEV_6000;XIREC;0.0;2
212900;;;VEV_6500;XIREC;0.0;2
213000;SUBMISSION;;VEV_4000;XIREC;1214.0;1
213100;;SUBMISSION;VELVETFRUIT_EXTRACT;XIREC;5223.0;6
213200;SUBMISSION;;VELVETFRUIT_EXTRACT;XIREC;5224.0;6
213600;;SUBMISSION;VELVETFRUIT_EXTRACT;XIREC;5221.0;13
213700;SUBMISSION;;VELVETFRUIT_EXTRACT;XIREC;5224.0;13
215700;;SUBMISSION;VEV_4000;XIREC;1228.0;3
216000;;;VELVETFRUIT_EXTRACT;XIREC;5222.0;3
216100;;SUBMISSION;VELVETFRUIT_EXTRACT;XIREC;5225.0;4
216200;SUBMISSION;;VELVETFRUIT_EXTRACT;XIREC;5227.0;4
216600;;;VELVETFRUIT_EXTRACT;XIREC;5222.0;7
217200;;SUBMISSION;VELVETFRUIT_EXTRACT;XIREC;5226.0;4
217300;SUBMISSION;;VELVETFRUIT_EXTRACT;XIREC;5228.0;4
218800;;SUBMISSION;HYDROGEL_PACK;XIREC;9985.0;4
219600;SUBMISSION;;VEV_4000;XIREC;1221.0;2
220100;SUBMISSION;;VEV_5200;XIREC;84.0;5
220100;SUBMISSION;;VEV_5400;XIREC;16.0;5
220100;SUBMISSION;;VEV_5500;XIREC;6.0;5
220100;;;VEV_6000;XIREC;0.0;5
220100;;;VEV_6500;XIREC;0.0;5
221500;SUBMISSION;;HYDROGEL_PACK;XIREC;9987.0;3
222700;;SUBMISSION;HYDROGEL_PACK;XIREC;10001.0;6
222700;SUBMISSION;;VEV_4000;XIREC;1222.0;1
225900;;SUBMISSION;VELVETFRUIT_EXTRACT;XIREC;5234.0;5
227000;SUBMISSION;;VEV_4000;XIREC;1228.0;3
227300;;SUBMISSION;VELVETFRUIT_EXTRACT;XIREC;5231.0;13
227800;;SUBMISSION;VELVETFRUIT_EXTRACT;XIREC;5238.0;6
229700;;SUBMISSION;VELVETFRUIT_EXTRACT;XIREC;5236.0;7
230000;SUBMISSION;;VEV_5400;XIREC;17.0;5
230000;SUBMISSION;;VEV_5500;XIREC;7.0;5
230000;;;VEV_6000;XIREC;0.0;5
230000;;;VEV_6500;XIREC;0.0;5
231000;;SUBMISSION;VELVETFRUIT_EXTRACT;XIREC;5235.0;8
231000;SUBMISSION;;VEV_5400;XIREC;17.0;3
231000;SUBMISSION;;VEV_5500;XIREC;7.0;3
231000;;;VEV_6000;XIREC;0.0;3
231000;;;VEV_6500;XIREC;0.0;3
231900;SUBMISSION;;VEV_4000;XIREC;1232.0;2
232700;SUBMISSION;;VELVETFRUIT_EXTRACT;XIREC;5235.0;3
234200;SUBMISSION;;HYDROGEL_PACK;XIREC;9977.0;6
235100;SUBMISSION;;VEV_5300;XIREC;46.0;3
235100;SUBMISSION;;VEV_5400;XIREC;18.0;3
235100;SUBMISSION;;VEV_5500;XIREC;7.0;3
235100;;;VEV_6000;XIREC;0.0;3
235100;;;VEV_6500;XIREC;0.0;3
235900;SUBMISSION;;VELVETFRUIT_EXTRACT;XIREC;5232.0;8
237100;SUBMISSION;;VELVETFRUIT_EXTRACT;XIREC;5231.0;28
237800;;SUBMISSION;VEV_4000;XIREC;1236.0;3
238700;;SUBMISSION;VELVETFRUIT_EXTRACT;XIREC;5232.0;6
239200;SUBMISSION;;VELVETFRUIT_EXTRACT;XIREC;5230.0;5
240700;SUBMISSION;;HYDROGEL_PACK;XIREC;9964.0;4
241300;SUBMISSION;;VELVETFRUIT_EXTRACT;XIREC;5230.0;1
242100;;SUBMISSION;VELVETFRUIT_EXTRACT;XIREC;5236.0;3
243200;;SUBMISSION;VEV_4000;XIREC;1244.0;3
243300;;SUBMISSION;HYDROGEL_PACK;XIREC;9976.0;2
244000;SUBMISSION;;VEV_4000;XIREC;1235.0;3
246000;SUBMISSION;;VEV_4000;XIREC;1240.0;3
247100;;SUBMISSION;HYDROGEL_PACK;XIREC;9970.0;5
247200;SUBMISSION;;VEV_4000;XIREC;1238.0;3
247800;SUBMISSION;;HYDROGEL_PACK;XIREC;9953.0;4
248500;SUBMISSION;;VELVETFRUIT_EXTRACT;XIREC;5242.0;3
248500;;;VELVETFRUIT_EXTRACT;XIREC;5241.0;5
248700;;SUBMISSION;HYDROGEL_PACK;XIREC;9965.0;3
250200;;;VELVETFRUIT_EXTRACT;XIREC;5244.0;7
251800;;SUBMISSION;VELVETFRUIT_EXTRACT;XIREC;5248.0;4
253100;SUBMISSION;;VEV_4000;XIREC;1243.0;2
256100;;SUBMISSION;HYDROGEL_PACK;XIREC;9968.0;5
256100;;SUBMISSION;VELVETFRUIT_EXTRACT;XIREC;5242.0;4
256500;SUBMISSION;;VEV_5500;XIREC;7.0;4
256500;;;VEV_6000;XIREC;0.0;4
256500;;;VEV_6500;XIREC;0.0;4
257100;;SUBMISSION;VELVETFRUIT_EXTRACT;XIREC;5244.0;7
257800;SUBMISSION;;VEV_5500;XIREC;7.0;4
257800;;;VEV_6000;XIREC;0.0;4
257800;;;VEV_6500;XIREC;0.0;4
259300;SUBMISSION;;VELVETFRUIT_EXTRACT;XIREC;5234.0;15
260100;;SUBMISSION;HYDROGEL_PACK;XIREC;9998.0;2
260200;;;VELVETFRUIT_EXTRACT;XIREC;5235.0;3
261500;;SUBMISSION;HYDROGEL_PACK;XIREC;10008.0;5
262300;SUBMISSION;;VEV_4000;XIREC;1239.0;3
263400;SUBMISSION;;VEV_5300;XIREC;47.0;2
263400;SUBMISSION;;VEV_5400;XIREC;18.0;2
263400;SUBMISSION;;VEV_5500;XIREC;7.0;2
263400;;;VEV_6000;XIREC;0.0;2
263400;;;VEV_6500;XIREC;0.0;2
263700;SUBMISSION;;HYDROGEL_PACK;XIREC;9990.0;3
265200;;;VELVETFRUIT_EXTRACT;XIREC;5241.0;8
265500;;;VELVETFRUIT_EXTRACT;XIREC;5241.0;6
265900;;;VELVETFRUIT_EXTRACT;XIREC;5242.0;8
266000;;;VELVETFRUIT_EXTRACT;XIREC;5241.0;8
266500;;SUBMISSION;VEV_4000;XIREC;1252.0;2
266800;SUBMISSION;;HYDROGEL_PACK;XIREC;9994.0;6
267500;;;VELVETFRUIT_EXTRACT;XIREC;5238.0;8
270900;;;VELVETFRUIT_EXTRACT;XIREC;5242.0;8
271900;;SUBMISSION;VEV_4000;XIREC;1248.0;2
273500;;SUBMISSION;HYDROGEL_PACK;XIREC;9994.0;4
273500;SUBMISSION;;VEV_4000;XIREC;1242.0;3
273700;;SUBMISSION;VELVETFRUIT_EXTRACT;XIREC;5250.0;3
275700;;SUBMISSION;VEV_4000;XIREC;1254.0;3
277200;;SUBMISSION;VELVETFRUIT_EXTRACT;XIREC;5253.0;6
277200;SUBMISSION;;VEV_5400;XIREC;20.0;3
277200;SUBMISSION;;VEV_5500;XIREC;8.0;3
277200;;;VEV_6000;XIREC;0.0;3
277200;;;VEV_6500;XIREC;0.0;3
278200;;SUBMISSION;HYDROGEL_PACK;XIREC;9996.0;5
278600;SUBMISSION;;HYDROGEL_PACK;XIREC;9992.0;4
280000;;SUBMISSION;HYDROGEL_PACK;XIREC;9990.0;3
280600;SUBMISSION;;VELVETFRUIT_EXTRACT;XIREC;5239.0;8
281300;;SUBMISSION;VELVETFRUIT_EXTRACT;XIREC;5241.0;8
281500;SUBMISSION;;HYDROGEL_PACK;XIREC;9974.0;5
281700;SUBMISSION;;VEV_4000;XIREC;1237.0;3
282600;;SUBMISSION;VELVETFRUIT_EXTRACT;XIREC;5242.0;7
283400;SUBMISSION;;VELVETFRUIT_EXTRACT;XIREC;5238.0;16
283800;;SUBMISSION;HYDROGEL_PACK;XIREC;9989.0;2
284700;;SUBMISSION;HYDROGEL_PACK;XIREC;9978.0;2
286800;;SUBMISSION;VEV_4000;XIREC;1240.0;3
286800;;;VELVETFRUIT_EXTRACT;XIREC;5232.0;6
287600;;SUBMISSION;HYDROGEL_PACK;XIREC;9979.0;6
287700;;SUBMISSION;HYDROGEL_PACK;XIREC;9983.0;3
289500;;SUBMISSION;VELVETFRUIT_EXTRACT;XIREC;5249.0;7
290600;SUBMISSION;;HYDROGEL_PACK;XIREC;9982.0;2
290700;SUBMISSION;;VEV_5500;XIREC;8.0;5
290700;;;VEV_6000;XIREC;0.0;5
290700;;;VEV_6500;XIREC;0.0;5
290800;;SUBMISSION;HYDROGEL_PACK;XIREC;9997.0;5
291200;SUBMISSION;;VELVETFRUIT_EXTRACT;XIREC;5238.0;7
292400;;SUBMISSION;VELVETFRUIT_EXTRACT;XIREC;5244.0;6
292800;SUBMISSION;;VEV_5400;XIREC;19.0;3
292800;SUBMISSION;;VEV_5500;XIREC;8.0;3
292800;;;VEV_6000;XIREC;0.0;3
292800;;;VEV_6500;XIREC;0.0;3
293200;SUBMISSION;;VELVETFRUIT_EXTRACT;XIREC;5243.0;6
293200;;;VELVETFRUIT_EXTRACT;XIREC;5242.0;1
294900;;SUBMISSION;HYDROGEL_PACK;XIREC;10005.0;6
296600;SUBMISSION;;VEV_4000;XIREC;1244.0;3
297300;;;VELVETFRUIT_EXTRACT;XIREC;5245.0;3
297600;;;VELVETFRUIT_EXTRACT;XIREC;5245.0;8
297800;;SUBMISSION;VELVETFRUIT_EXTRACT;XIREC;5250.0;5
298700;SUBMISSION;;HYDROGEL_PACK;XIREC;10004.0;4
304100;SUBMISSION;;VEV_4000;XIREC;1249.0;1
304700;;SUBMISSION;VELVETFRUIT_EXTRACT;XIREC;5254.0;4
305700;SUBMISSION;;VELVETFRUIT_EXTRACT;XIREC;5253.0;8
305800;;SUBMISSION;HYDROGEL_PACK;XIREC;10019.0;2
310000;SUBMISSION;;VELVETFRUIT_EXTRACT;XIREC;5254.0;1
310000;;;VELVETFRUIT_EXTRACT;XIREC;5253.0;2
310200;SUBMISSION;;HYDROGEL_PACK;XIREC;10017.0;2
311500;;SUBMISSION;HYDROGEL_PACK;XIREC;10026.0;5
313000;SUBMISSION;;VEV_4000;XIREC;1253.0;2
313200;;SUBMISSION;VEV_5100;XIREC;179.0;22
313200;;SUBMISSION;VEV_5200;XIREC;105.0;22
313300;;SUBMISSION;VEV_5000;XIREC;265.0;6
313300;;SUBMISSION;VEV_5000;XIREC;264.0;12
313300;;SUBMISSION;VEV_5100;XIREC;180.0;6
313300;;SUBMISSION;VEV_5100;XIREC;179.0;12
313300;;SUBMISSION;VEV_5200;XIREC;106.0;6
313300;;SUBMISSION;VEV_5200;XIREC;105.0;12
313400;;SUBMISSION;HYDROGEL_PACK;XIREC;10022.0;5
313400;;SUBMISSION;VEV_5100;XIREC;179.0;30
313400;;SUBMISSION;VEV_5200;XIREC;105.0;30
313500;;SUBMISSION;VEV_5000;XIREC;265.0;11
313500;;SUBMISSION;VEV_5000;XIREC;264.0;16
313500;;SUBMISSION;VEV_5100;XIREC;179.0;27
313500;;SUBMISSION;VEV_5200;XIREC;106.0;11
313500;;SUBMISSION;VEV_5200;XIREC;105.0;16
313600;;SUBMISSION;VEV_5000;XIREC;265.0;11
313600;;SUBMISSION;VEV_5000;XIREC;264.0;13
313600;;SUBMISSION;VEV_5100;XIREC;179.0;24
313600;;SUBMISSION;VEV_5200;XIREC;106.0;11
313600;;SUBMISSION;VEV_5200;XIREC;105.0;13
313700;;SUBMISSION;VEV_4000;XIREC;1252.0;7
313700;;SUBMISSION;VEV_4000;XIREC;1250.0;23
313700;;SUBMISSION;VEV_4500;XIREC;755.0;12
313700;;SUBMISSION;VEV_4500;XIREC;753.0;15
313700;;SUBMISSION;VEV_5000;XIREC;265.0;27
313700;;SUBMISSION;VEV_5100;XIREC;180.0;27
313700;;SUBMISSION;VEV_5200;XIREC;106.0;27
313800;;SUBMISSION;VEV_4000;XIREC;1253.0;12
313800;;SUBMISSION;VEV_4000;XIREC;1250.0;18
313800;;SUBMISSION;VEV_4500;XIREC;755.0;9
313800;;SUBMISSION;VEV_4500;XIREC;753.0;15
313800;;SUBMISSION;VEV_5000;XIREC;265.0;24
313800;;SUBMISSION;VEV_5100;XIREC;180.0;24
313800;;SUBMISSION;VEV_5200;XIREC;106.0;24
313900;;SUBMISSION;VEV_5000;XIREC;265.0;6
313900;;SUBMISSION;VEV_5000;XIREC;264.0;16
313900;;SUBMISSION;VEV_5100;XIREC;179.0;22
313900;;SUBMISSION;VEV_5200;XIREC;106.0;6
313900;;SUBMISSION;VEV_5200;XIREC;105.0;16
314000;;SUBMISSION;VEV_5100;XIREC;179.0;29
314000;;SUBMISSION;VEV_5200;XIREC;105.0;29
314100;;SUBMISSION;VEV_5100;XIREC;179.0;11
314100;;SUBMISSION;VEV_5100;XIREC;178.0;19
314200;;SUBMISSION;VEV_5100;XIREC;179.0;7
314200;;SUBMISSION;VEV_5100;XIREC;178.0;21
314300;;SUBMISSION;VEV_5100;XIREC;178.0;14
316500;;SUBMISSION;VEV_5200;XIREC;105.0;30
316600;;SUBMISSION;VEV_5000;XIREC;265.0;9
316600;;SUBMISSION;VEV_5000;XIREC;264.0;14
316600;;SUBMISSION;VEV_5200;XIREC;106.0;23
316700;;SUBMISSION;VEV_5200;XIREC;107.0;24
316700;SUBMISSION;;VEV_5400;XIREC;22.0;5
316700;SUBMISSION;;VEV_5500;XIREC;9.0;5
316700;;;VEV_6000;XIREC;0.0;5
316700;;;VEV_6500;XIREC;0.0;5
316800;;SUBMISSION;VEV_4000;XIREC;1253.0;13
316800;;SUBMISSION;VEV_4000;XIREC;1250.0;17
316800;;SUBMISSION;VEV_5000;XIREC;266.0;6
316800;;SUBMISSION;VEV_5000;XIREC;265.0;23
316900;;SUBMISSION;VEV_4000;XIREC;1254.0;15
316900;;SUBMISSION;VEV_4000;XIREC;1251.0;15
316900;;SUBMISSION;VEV_4500;XIREC;756.0;6
316900;;SUBMISSION;VEV_4500;XIREC;754.0;24
316900;;SUBMISSION;VEV_5000;XIREC;267.0;6
316900;;SUBMISSION;VEV_5000;XIREC;266.0;24
316900;;SUBMISSION;VEV_5300;XIREC;56.0;9
316900;;SUBMISSION;VEV_5300;XIREC;55.0;18
317000;;SUBMISSION;VEV_4000;XIREC;1254.0;14
317000;;SUBMISSION;VEV_4000;XIREC;1251.0;16
317000;;SUBMISSION;VEV_4500;XIREC;756.0;6
317000;;SUBMISSION;VEV_4500;XIREC;755.0;15
317000;;SUBMISSION;VEV_5000;XIREC;267.0;6
317000;;SUBMISSION;VEV_5000;XIREC;266.0;15
317000;;SUBMISSION;VEV_5300;XIREC;56.0;8
317000;;SUBMISSION;VEV_5300;XIREC;55.0;14
317100;;SUBMISSION;VEV_4000;XIREC;1254.0;13
317100;;SUBMISSION;VEV_4000;XIREC;1252.0;16
317100;;SUBMISSION;VEV_4500;XIREC;757.0;7
317100;;SUBMISSION;VEV_4500;XIREC;755.0;15
317100;;SUBMISSION;VEV_5000;XIREC;267.0;7
317100;;SUBMISSION;VEV_5000;XIREC;266.0;15
317100;;SUBMISSION;VEV_5300;XIREC;56.0;9
317100;;SUBMISSION;VEV_5300;XIREC;55.0;12
317200;;SUBMISSION;VEV_4000;XIREC;1254.0;15
317200;;SUBMISSION;VEV_4000;XIREC;1252.0;15
317200;;SUBMISSION;VEV_4500;XIREC;757.0;6
317200;;SUBMISSION;VEV_4500;XIREC;755.0;15
317200;;SUBMISSION;VEV_5000;XIREC;267.0;21
317200;;SUBMISSION;VEV_5300;XIREC;56.0;27
317300;;SUBMISSION;VEV_4000;XIREC;1254.0;12
317300;;SUBMISSION;VEV_4000;XIREC;1252.0;18
317300;;SUBMISSION;VEV_4500;XIREC;757.0;6
317300;;SUBMISSION;VEV_4500;XIREC;755.0;19
317300;;SUBMISSION;VEV_5000;XIREC;267.0;6
317300;;SUBMISSION;VEV_5000;XIREC;266.0;1
317300;;SUBMISSION;VEV_5300;XIREC;56.0;16
317400;;SUBMISSION;VEV_4000;XIREC;1254.0;13
317400;;SUBMISSION;VEV_4000;XIREC;1252.0;17
317400;;SUBMISSION;VEV_4500;XIREC;757.0;10
317400;;SUBMISSION;VEV_4500;XIREC;755.0;13
317400;;SUBMISSION;VEV_5300;XIREC;56.0;10
317400;;SUBMISSION;VEV_5300;XIREC;55.0;14
317500;;SUBMISSION;VEV_4000;XIREC;1255.0;12
317500;;SUBMISSION;VEV_4000;XIREC;1252.0;18
317500;;SUBMISSION;VEV_4500;XIREC;757.0;7
317500;;SUBMISSION;VEV_4500;XIREC;755.0;12
317500;;SUBMISSION;VEV_5300;XIREC;56.0;21
317600;SUBMISSION;;VEV_5400;XIREC;22.0;2
317600;SUBMISSION;;VEV_5500;XIREC;9.0;2
317600;;;VEV_6000;XIREC;0.0;2
317600;;;VEV_6500;XIREC;0.0;2
317700;;SUBMISSION;VEV_4000;XIREC;1253.0;2
317700;;SUBMISSION;VEV_4500;XIREC;755.0;7
317700;;SUBMISSION;VEV_4500;XIREC;754.0;18
317800;;SUBMISSION;VEV_4500;XIREC;756.0;9
317800;;SUBMISSION;VEV_4500;XIREC;754.0;15
317900;;SUBMISSION;VEV_4500;XIREC;756.0;9
317900;;SUBMISSION;VEV_4500;XIREC;754.0;18
317900;;SUBMISSION;VEV_5300;XIREC;56.0;9
317900;;SUBMISSION;VEV_5300;XIREC;55.0;16
318000;;SUBMISSION;VEV_4500;XIREC;756.0;7
318100;;SUBMISSION;VEV_5300;XIREC;56.0;8
318100;;SUBMISSION;VEV_5300;XIREC;55.0;10
318400;;SUBMISSION;VEV_5300;XIREC;56.0;23
318500;;SUBMISSION;VEV_5300;XIREC;56.0;19
318600;;SUBMISSION;VEV_5300;XIREC;57.0;8
318600;;SUBMISSION;VEV_5300;XIREC;56.0;14
318700;SUBMISSION;;HYDROGEL_PACK;XIREC;10015.0;6
318700;;SUBMISSION;VEV_5300;XIREC;57.0;21
318800;;SUBMISSION;VEV_5300;XIREC;57.0;15
318900;;SUBMISSION;VEV_5300;XIREC;57.0;25
319000;;SUBMISSION;VEV_5300;XIREC;56.0;15
320300;SUBMISSION;;VEV_4000;XIREC;1258.0;2
320700;;SUBMISSION;VEV_4000;XIREC;1268.0;3
320900;;SUBMISSION;HYDROGEL_PACK;XIREC;10033.0;4
321200;SUBMISSION;;HYDROGEL_PACK;XIREC;10010.0;4
321200;;SUBMISSION;VELVETFRUIT_EXTRACT;XIREC;5257.0;10
322800;SUBMISSION;;VEV_4000;XIREC;1255.0;1
323400;;SUBMISSION;VELVETFRUIT_EXTRACT;XIREC;5258.0;12
323500;SUBMISSION;;VEV_4000;XIREC;1252.0;3
323900;;SUBMISSION;VELVETFRUIT_EXTRACT;XIREC;5258.0;7
325100;;SUBMISSION;VEV_4000;XIREC;1254.0;3
326800;;SUBMISSION;VEV_5400;XIREC;24.0;27
326900;;SUBMISSION;VEV_5400;XIREC;24.0;20
327000;;SUBMISSION;VEV_5400;XIREC;24.0;26
327300;;SUBMISSION;VEV_5400;XIREC;24.0;26
327400;;SUBMISSION;VEV_5400;XIREC;24.0;10
327400;;SUBMISSION;VEV_5400;XIREC;23.0;19
327500;;SUBMISSION;VEV_5400;XIREC;24.0;25
327600;SUBMISSION;;VELVETFRUIT_EXTRACT;XIREC;5270.0;3
327600;;SUBMISSION;VEV_5400;XIREC;24.0;19
327700;;SUBMISSION;VEV_5400;XIREC;24.0;16
327800;;SUBMISSION;VEV_5400;XIREC;24.0;25
328800;SUBMISSION;;VEV_4000;XIREC;1261.0;3
328900;;SUBMISSION;VEV_4000;XIREC;1256.0;3
329500;;SUBMISSION;VELVETFRUIT_EXTRACT;XIREC;5266.0;10
329700;SUBMISSION;;VELVETFRUIT_EXTRACT;XIREC;5266.0;3
330900;;SUBMISSION;HYDROGEL_PACK;XIREC;10039.0;3
331400;SUBMISSION;;HYDROGEL_PACK;XIREC;10026.0;2
332300;SUBMISSION;;VEV_5300;XIREC;58.0;4
332300;SUBMISSION;;VEV_5500;XIREC;10.0;4
332300;;;VEV_6000;XIREC;0.0;4
332300;;;VEV_6500;XIREC;0.0;4
332400;;SUBMISSION;VEV_5300;XIREC;58.0;4
332700;SUBMISSION;;HYDROGEL_PACK;XIREC;10031.0;6
335000;;SUBMISSION;HYDROGEL_PACK;XIREC;10046.0;5
335300;;SUBMISSION;HYDROGEL_PACK;XIREC;10047.0;4
335400;;SUBMISSION;HYDROGEL_PACK;XIREC;10047.0;4
335400;;SUBMISSION;VELVETFRUIT_EXTRACT;XIREC;5265.0;8
336800;SUBMISSION;;HYDROGEL_PACK;XIREC;10035.0;5
338000;;SUBMISSION;VELVETFRUIT_EXTRACT;XIREC;5261.0;3
340000;SUBMISSION;;HYDROGEL_PACK;XIREC;10029.0;6
345000;SUBMISSION;;HYDROGEL_PACK;XIREC;10016.0;4
345100;SUBMISSION;;VEV_4000;XIREC;1247.0;2
345400;SUBMISSION;;VELVETFRUIT_EXTRACT;XIREC;5251.0;8
346300;;SUBMISSION;VELVETFRUIT_EXTRACT;XIREC;5261.0;8
346400;SUBMISSION;;VELVETFRUIT_EXTRACT;XIREC;5259.0;3
347200;;SUBMISSION;VEV_4000;XIREC;1255.0;2
347400;SUBMISSION;;VEV_4000;XIREC;1258.0;1
347700;;SUBMISSION;VEV_4000;XIREC;1256.0;1
350700;;SUBMISSION;VELVETFRUIT_EXTRACT;XIREC;5275.0;6
350700;;SUBMISSION;VEV_5500;XIREC;10.0;22
350800;;SUBMISSION;VEV_5500;XIREC;10.0;25
350900;;SUBMISSION;VEV_5500;XIREC;10.0;23
351100;SUBMISSION;;VELVETFRUIT_EXTRACT;XIREC;5272.0;7
351100;;SUBMISSION;VEV_5500;XIREC;10.0;23
351500;;SUBMISSION;VEV_5500;XIREC;10.0;22
351600;;SUBMISSION;VELVETFRUIT_EXTRACT;XIREC;5273.0;21
351600;;SUBMISSION;VELVETFRUIT_EXTRACT;XIREC;5272.0;43
351600;;SUBMISSION;VEV_5400;XIREC;24.0;23
351600;;SUBMISSION;VEV_5500;XIREC;11.0;23
351700;;SUBMISSION;VELVETFRUIT_EXTRACT;XIREC;5275.0;7
351700;;SUBMISSION;VELVETFRUIT_EXTRACT;XIREC;5273.0;56
351700;;SUBMISSION;VEV_5400;XIREC;24.0;23
351700;;SUBMISSION;VEV_5500;XIREC;11.0;23
351800;;SUBMISSION;VELVETFRUIT_EXTRACT;XIREC;5273.0;22
351800;;SUBMISSION;VELVETFRUIT_EXTRACT;XIREC;5272.0;50
351800;SUBMISSION;;VEV_4000;XIREC;1270.0;1
351800;;SUBMISSION;VEV_5400;XIREC;24.0;21
351800;;SUBMISSION;VEV_5500;XIREC;11.0;9
351800;;SUBMISSION;VEV_5500;XIREC;10.0;12
351900;;SUBMISSION;VEV_4000;XIREC;1263.0;1
351900;;SUBMISSION;VEV_5400;XIREC;24.0;23
351900;;SUBMISSION;VEV_5500;XIREC;10.0;23
352000;;SUBMISSION;VEV_5500;XIREC;10.0;25
352700;;SUBMISSION;VELVETFRUIT_EXTRACT;XIREC;5273.0;7
354000;SUBMISSION;;VELVETFRUIT_EXTRACT;XIREC;5271.0;3
354400;SUBMISSION;;VELVETFRUIT_EXTRACT;XIREC;5272.0;4
354400;;SUBMISSION;VEV_5400;XIREC;24.0;18
354400;;SUBMISSION;VEV_5500;XIREC;10.0;18
354900;;SUBMISSION;VEV_5400;XIREC;24.0;21
354900;;SUBMISSION;VEV_5500;XIREC;10.0;21
355000;;SUBMISSION;VEV_5400;XIREC;24.0;20
355500;;SUBMISSION;VEV_5400;XIREC;24.0;23
355500;;SUBMISSION;VEV_5500;XIREC;10.0;24
355600;;SUBMISSION;VEV_5500;XIREC;10.0;20
355700;;SUBMISSION;VEV_5500;XIREC;10.0;22
355800;;SUBMISSION;VEV_5500;XIREC;10.0;28
355900;;SUBMISSION;VELVETFRUIT_EXTRACT;XIREC;5273.0;21
355900;;SUBMISSION;VELVETFRUIT_EXTRACT;XIREC;5272.0;47
355900;;SUBMISSION;VEV_5500;XIREC;10.0;25
356000;;SUBMISSION;VEV_5500;XIREC;10.0;20
356200;SUBMISSION;;VEV_4000;XIREC;1267.0;1
356300;;SUBMISSION;VEV_4000;XIREC;1260.0;1
357700;;SUBMISSION;VEV_5500;XIREC;10.0;6
357800;;SUBMISSION;VELVETFRUIT_EXTRACT;XIREC;5274.0;23
357800;;SUBMISSION;VELVETFRUIT_EXTRACT;XIREC;5273.0;42
357900;;SUBMISSION;VELVETFRUIT_EXTRACT;XIREC;5275.0;28
358200;SUBMISSION;;HYDROGEL_PACK;XIREC;9995.0;6
359500;SUBMISSION;;VELVETFRUIT_EXTRACT;XIREC;5280.0;6
359600;;SUBMISSION;VELVETFRUIT_EXTRACT;XIREC;5280.0;6
360000;;;VEV_6000;XIREC;0.0;4
360000;;;VEV_6500;XIREC;0.0;4
363700;;SUBMISSION;HYDROGEL_PACK;XIREC;10021.0;5
365100;SUBMISSION;;VEV_4000;XIREC;1271.0;1
365200;;SUBMISSION;VEV_4000;XIREC;1266.0;1
366300;;;VELVETFRUIT_EXTRACT;XIREC;5279.0;7
366900;;SUBMISSION;HYDROGEL_PACK;XIREC;10044.0;5
367000;;SUBMISSION;HYDROGEL_PACK;XIREC;10041.0;5
369300;SUBMISSION;;VEV_4000;XIREC;1268.0;1
369400;;SUBMISSION;VEV_4000;XIREC;1264.0;1
369900;SUBMISSION;;VELVETFRUIT_EXTRACT;XIREC;5275.0;8
370000;;SUBMISSION;VELVETFRUIT_EXTRACT;XIREC;5274.0;8
370400;;SUBMISSION;HYDROGEL_PACK;XIREC;10046.0;2
370600;SUBMISSION;;HYDROGEL_PACK;XIREC;10032.0;4
372300;;;VELVETFRUIT_EXTRACT;XIREC;5279.0;9
373300;;SUBMISSION;HYDROGEL_PACK;XIREC;10053.0;2
374900;;SUBMISSION;VEV_4000;XIREC;1290.0;1
374900;;;VELVETFRUIT_EXTRACT;XIREC;5287.0;3
376500;;;VELVETFRUIT_EXTRACT;XIREC;5287.0;3
376700;;;VELVETFRUIT_EXTRACT;XIREC;5286.0;8
378100;SUBMISSION;;VEV_4000;XIREC;1272.0;3
378200;;SUBMISSION;VEV_4000;XIREC;1265.0;2
380100;;SUBMISSION;VEV_4000;XIREC;1275.0;1
380500;SUBMISSION;;HYDROGEL_PACK;XIREC;10044.0;4
381200;SUBMISSION;;VELVETFRUIT_EXTRACT;XIREC;5270.0;7
381400;SUBMISSION;;HYDROGEL_PACK;XIREC;10036.0;4
382800;;SUBMISSION;VELVETFRUIT_EXTRACT;XIREC;5274.0;7
383100;SUBMISSION;;HYDROGEL_PACK;XIREC;10034.0;6
386500;;;VELVETFRUIT_EXTRACT;XIREC;5271.0;3
387500;;;VELVETFRUIT_EXTRACT;XIREC;5275.0;7
388000;;;VELVETFRUIT_EXTRACT;XIREC;5275.0;4
389600;;;VELVETFRUIT_EXTRACT;XIREC;5271.0;4
389800;;SUBMISSION;HYDROGEL_PACK;XIREC;10017.0;4
390400;SUBMISSION;;HYDROGEL_PACK;XIREC;10004.0;6
392600;;;VELVETFRUIT_EXTRACT;XIREC;5266.0;8
394200;SUBMISSION;;VELVETFRUIT_EXTRACT;XIREC;5262.0;7
394300;;SUBMISSION;VEV_4000;XIREC;1267.0;2
395500;SUBMISSION;;VELVETFRUIT_EXTRACT;XIREC;5262.0;3
396900;;SUBMISSION;VELVETFRUIT_EXTRACT;XIREC;5263.0;10
397900;SUBMISSION;;VELVETFRUIT_EXTRACT;XIREC;5261.0;6
399700;SUBMISSION;;VELVETFRUIT_EXTRACT;XIREC;5260.0;6
402000;;SUBMISSION;HYDROGEL_PACK;XIREC;10015.0;4
402100;SUBMISSION;;VEV_5400;XIREC;21.0;3
402100;SUBMISSION;;VEV_5500;XIREC;9.0;3
402100;;;VEV_6000;XIREC;0.0;3
402100;;;VEV_6500;XIREC;0.0;3
403300;SUBMISSION;;VELVETFRUIT_EXTRACT;XIREC;5258.0;17
404300;SUBMISSION;;VELVETFRUIT_EXTRACT;XIREC;5261.0;8
405600;;SUBMISSION;HYDROGEL_PACK;XIREC;9998.0;5
405800;SUBMISSION;;VELVETFRUIT_EXTRACT;XIREC;5261.0;7
407400;;SUBMISSION;VEV_4000;XIREC;1276.0;1
407800;;SUBMISSION;VELVETFRUIT_EXTRACT;XIREC;5271.0;9
409600;SUBMISSION;;VELVETFRUIT_EXTRACT;XIREC;5270.0;6
410500;;SUBMISSION;HYDROGEL_PACK;XIREC;9989.0;3
411400;;SUBMISSION;VEV_4000;XIREC;1276.0;1
414600;;SUBMISSION;HYDROGEL_PACK;XIREC;9992.0;2
414800;;SUBMISSION;VELVETFRUIT_EXTRACT;XIREC;5265.0;5
416400;SUBMISSION;;HYDROGEL_PACK;XIREC;9965.0;5
417000;;SUBMISSION;HYDROGEL_PACK;XIREC;9977.0;6
417000;;SUBMISSION;VELVETFRUIT_EXTRACT;XIREC;5264.0;9
417100;;SUBMISSION;HYDROGEL_PACK;XIREC;9976.0;2
417500;;;VEV_4000;XIREC;1274.0;2
419500;SUBMISSION;;VELVETFRUIT_EXTRACT;XIREC;5263.0;5
420400;SUBMISSION;;VEV_5400;XIREC;21.0;3
420400;SUBMISSION;;VEV_5500;XIREC;9.0;3
420400;;;VEV_6000;XIREC;0.0;3
420400;;;VEV_6500;XIREC;0.0;3
421200;;SUBMISSION;VELVETFRUIT_EXTRACT;XIREC;5269.0;5
422900;;SUBMISSION;HYDROGEL_PACK;XIREC;9976.0;4
423100;SUBMISSION;;VELVETFRUIT_EXTRACT;XIREC;5265.0;6
425600;;SUBMISSION;HYDROGEL_PACK;XIREC;9993.0;2
427200;SUBMISSION;;VELVETFRUIT_EXTRACT;XIREC;5260.0;19
427200;SUBMISSION;;VELVETFRUIT_EXTRACT;XIREC;5261.0;30
427300;SUBMISSION;;VELVETFRUIT_EXTRACT;XIREC;5260.0;64
427400;SUBMISSION;;VELVETFRUIT_EXTRACT;XIREC;5259.0;25
427400;SUBMISSION;;VELVETFRUIT_EXTRACT;XIREC;5260.0;45
427500;SUBMISSION;;VELVETFRUIT_EXTRACT;XIREC;5259.0;24
427500;SUBMISSION;;VELVETFRUIT_EXTRACT;XIREC;5260.0;45
427600;SUBMISSION;;VELVETFRUIT_EXTRACT;XIREC;5260.0;23
427600;SUBMISSION;;VELVETFRUIT_EXTRACT;XIREC;5261.0;42
427700;SUBMISSION;;VELVETFRUIT_EXTRACT;XIREC;5261.0;50
428200;;;VELVETFRUIT_EXTRACT;XIREC;5256.0;8
428300;;SUBMISSION;HYDROGEL_PACK;XIREC;10000.0;5
429100;SUBMISSION;;HYDROGEL_PACK;XIREC;9980.0;3
429700;;SUBMISSION;VELVETFRUIT_EXTRACT;XIREC;5249.0;8
429800;SUBMISSION;;VELVETFRUIT_EXTRACT;XIREC;5252.0;8
430800;;SUBMISSION;VELVETFRUIT_EXTRACT;XIREC;5251.0;4
430900;SUBMISSION;;VELVETFRUIT_EXTRACT;XIREC;5253.0;4
431800;;;VEV_4000;XIREC;1260.0;1
432000;;SUBMISSION;VELVETFRUIT_EXTRACT;XIREC;5248.0;8
432100;SUBMISSION;;VELVETFRUIT_EXTRACT;XIREC;5249.0;8
433100;;SUBMISSION;VELVETFRUIT_EXTRACT;XIREC;5246.0;9
433200;SUBMISSION;;VELVETFRUIT_EXTRACT;XIREC;5251.0;9
433500;;SUBMISSION;VELVETFRUIT_EXTRACT;XIREC;5247.0;3
433600;SUBMISSION;;VELVETFRUIT_EXTRACT;XIREC;5248.0;3
435200;;SUBMISSION;HYDROGEL_PACK;XIREC;9977.0;6
436500;;SUBMISSION;HYDROGEL_PACK;XIREC;9984.0;3
436600;;SUBMISSION;VELVETFRUIT_EXTRACT;XIREC;5248.0;8
436700;SUBMISSION;;VELVETFRUIT_EXTRACT;XIREC;5250.0;8
437100;;;VELVETFRUIT_EXTRACT;XIREC;5245.0;5
440100;;SUBMISSION;VELVETFRUIT_EXTRACT;XIREC;5247.0;4
440200;SUBMISSION;;VELVETFRUIT_EXTRACT;XIREC;5249.0;4
442300;;;VELVETFRUIT_EXTRACT;XIREC;5244.0;7
443900;;SUBMISSION;HYDROGEL_PACK;XIREC;9965.0;5
446300;;SUBMISSION;HYDROGEL_PACK;XIREC;9959.0;3
446500;SUBMISSION;;VEV_4000;XIREC;1245.0;1
447400;SUBMISSION;;HYDROGEL_PACK;XIREC;9945.0;5
447500;;SUBMISSION;VEV_4000;XIREC;1256.0;1
447500;;;VEV_4000;XIREC;1261.0;2
447800;SUBMISSION;;VEV_4000;XIREC;1244.0;3
447800;SUBMISSION;;VEV_5300;XIREC;49.0;5
447800;SUBMISSION;;VEV_5400;XIREC;18.0;5
447800;SUBMISSION;;VEV_5500;XIREC;7.0;5
447800;;;VEV_6000;XIREC;0.0;5
447800;;;VEV_6500;XIREC;0.0;5
448000;;SUBMISSION;HYDROGEL_PACK;XIREC;9950.0;4
448100;SUBMISSION;;VEV_4000;XIREC;1245.0;2
448400;;SUBMISSION;VELVETFRUIT_EXTRACT;XIREC;5252.0;7
448500;SUBMISSION;;VELVETFRUIT_EXTRACT;XIREC;5253.0;7
449700;SUBMISSION;;VEV_5400;XIREC;17.0;5
449700;SUBMISSION;;VEV_5500;XIREC;7.0;5
449700;;;VEV_6000;XIREC;0.0;5
449700;;;VEV_6500;XIREC;0.0;5
450100;;;VELVETFRUIT_EXTRACT;XIREC;5242.0;5
450300;;;VELVETFRUIT_EXTRACT;XIREC;5246.0;7
450400;SUBMISSION;;VEV_4000;XIREC;1240.0;3
450500;;SUBMISSION;VELVETFRUIT_EXTRACT;XIREC;5243.0;6
450600;SUBMISSION;;VELVETFRUIT_EXTRACT;XIREC;5245.0;6
452500;;SUBMISSION;VELVETFRUIT_EXTRACT;XIREC;5239.0;8
452600;SUBMISSION;;VELVETFRUIT_EXTRACT;XIREC;5239.0;8
453100;SUBMISSION;;VEV_5300;XIREC;45.0;3
453100;SUBMISSION;;VEV_5400;XIREC;16.0;3
453100;SUBMISSION;;VEV_5500;XIREC;6.0;3
453100;;;VEV_6000;XIREC;0.0;3
453100;;;VEV_6500;XIREC;0.0;3
453900;;SUBMISSION;VELVETFRUIT_EXTRACT;XIREC;5237.0;10
454000;SUBMISSION;;VELVETFRUIT_EXTRACT;XIREC;5241.0;10
454500;SUBMISSION;;VEV_4000;XIREC;1237.0;2
454500;;;VELVETFRUIT_EXTRACT;XIREC;5240.0;8
455100;SUBMISSION;;HYDROGEL_PACK;XIREC;9963.0;5
455600;;;VELVETFRUIT_EXTRACT;XIREC;5241.0;4
456500;;SUBMISSION;VEV_4000;XIREC;1246.0;3
456600;;SUBMISSION;VELVETFRUIT_EXTRACT;XIREC;5242.0;8
456700;SUBMISSION;;VELVETFRUIT_EXTRACT;XIREC;5243.0;8
458100;;;VELVETFRUIT_EXTRACT;XIREC;5237.0;8
459200;SUBMISSION;;VEV_4000;XIREC;1234.0;3
460000;;SUBMISSION;HYDROGEL_PACK;XIREC;9978.0;6
460100;;SUBMISSION;HYDROGEL_PACK;XIREC;9980.0;3
461100;SUBMISSION;;VEV_5400;XIREC;16.0;20
461200;SUBMISSION;;VEV_5400;XIREC;16.0;22
461300;SUBMISSION;;VEV_5400;XIREC;16.0;23
461400;SUBMISSION;;VEV_5400;XIREC;15.0;19
461500;SUBMISSION;;VEV_5400;XIREC;15.0;23
461600;SUBMISSION;;VEV_5400;XIREC;15.0;6
461600;SUBMISSION;;VEV_5400;XIREC;16.0;17
461700;SUBMISSION;;VEV_5400;XIREC;15.0;26
461800;SUBMISSION;;VEV_5400;XIREC;15.0;29
461900;SUBMISSION;;VEV_5400;XIREC;15.0;23
462000;SUBMISSION;;VEV_5400;XIREC;15.0;25
462100;SUBMISSION;;VEV_5400;XIREC;15.0;24
462200;SUBMISSION;;VEV_5400;XIREC;15.0;22
462300;SUBMISSION;;VEV_5400;XIREC;15.0;22
462400;SUBMISSION;;VEV_5400;XIREC;16.0;16
462500;SUBMISSION;;VEV_5400;XIREC;16.0;21
462600;SUBMISSION;;VEV_5400;XIREC;16.0;25
462700;SUBMISSION;;VEV_5400;XIREC;16.0;21
462800;SUBMISSION;;VEV_5400;XIREC;16.0;20
462900;;SUBMISSION;HYDROGEL_PACK;XIREC;9976.0;5
462900;SUBMISSION;;VEV_5400;XIREC;15.0;6
462900;SUBMISSION;;VEV_5400;XIREC;16.0;15
463000;;SUBMISSION;HYDROGEL_PACK;XIREC;9973.0;3
463000;SUBMISSION;;VEV_5400;XIREC;15.0;27
463100;SUBMISSION;;VEV_5400;XIREC;16.0;29
463200;SUBMISSION;;VEV_5400;XIREC;15.0;24
463300;SUBMISSION;;VEV_5400;XIREC;15.0;21
463300;;;VELVETFRUIT_EXTRACT;XIREC;5227.0;8
463400;SUBMISSION;;VEV_5400;XIREC;15.0;16
463500;SUBMISSION;;VEV_5400;XIREC;15.0;23
463600;SUBMISSION;;VEV_5400;XIREC;15.0;6
463700;;SUBMISSION;VELVETFRUIT_EXTRACT;XIREC;5233.0;3
463800;SUBMISSION;;VELVETFRUIT_EXTRACT;XIREC;5234.0;3
467600;SUBMISSION;;HYDROGEL_PACK;XIREC;9967.0;3
469900;;SUBMISSION;VELVETFRUIT_EXTRACT;XIREC;5232.0;3
470000;SUBMISSION;;VELVETFRUIT_EXTRACT;XIREC;5233.0;3
470500;;SUBMISSION;VELVETFRUIT_EXTRACT;XIREC;5231.0;5
470600;SUBMISSION;;VELVETFRUIT_EXTRACT;XIREC;5232.0;5
471100;;SUBMISSION;VELVETFRUIT_EXTRACT;XIREC;5230.0;6
471200;SUBMISSION;;VELVETFRUIT_EXTRACT;XIREC;5232.0;6
471700;;SUBMISSION;HYDROGEL_PACK;XIREC;9979.0;3
472600;;;VELVETFRUIT_EXTRACT;XIREC;5233.0;7
472700;;;VELVETFRUIT_EXTRACT;XIREC;5234.0;6
473100;;SUBMISSION;HYDROGEL_PACK;XIREC;9969.0;3
474000;;SUBMISSION;VELVETFRUIT_EXTRACT;XIREC;5237.0;7
474100;SUBMISSION;;VELVETFRUIT_EXTRACT;XIREC;5236.0;7
474600;;SUBMISSION;VELVETFRUIT_EXTRACT;XIREC;5232.0;9
474700;SUBMISSION;;VELVETFRUIT_EXTRACT;XIREC;5234.0;9
474900;;SUBMISSION;HYDROGEL_PACK;XIREC;9963.0;5
476200;;SUBMISSION;HYDROGEL_PACK;XIREC;9956.0;4
476800;;SUBMISSION;VELVETFRUIT_EXTRACT;XIREC;5239.0;8
476900;SUBMISSION;;VELVETFRUIT_EXTRACT;XIREC;5240.0;8
477700;;SUBMISSION;HYDROGEL_PACK;XIREC;9957.0;5
478700;;;VELVETFRUIT_EXTRACT;XIREC;5234.0;3
479200;SUBMISSION;;VEV_5400;XIREC;15.0;2
479200;SUBMISSION;;VEV_5500;XIREC;6.0;2
479200;;;VEV_6000;XIREC;0.0;2
479200;;;VEV_6500;XIREC;0.0;2
481600;;SUBMISSION;HYDROGEL_PACK;XIREC;9955.0;3
482700;;SUBMISSION;VELVETFRUIT_EXTRACT;XIREC;5250.0;7
483100;SUBMISSION;;VELVETFRUIT_EXTRACT;XIREC;5248.0;3
483800;SUBMISSION;;VELVETFRUIT_EXTRACT;XIREC;5249.0;4
486200;SUBMISSION;;VEV_5400;XIREC;17.0;3
486200;SUBMISSION;;VEV_5500;XIREC;7.0;4
486200;;;VEV_5400;XIREC;17.0;1
486200;;;VEV_6000;XIREC;0.0;4
486200;;;VEV_6500;XIREC;0.0;4
487500;;SUBMISSION;HYDROGEL_PACK;XIREC;9958.0;4
488600;;SUBMISSION;VELVETFRUIT_EXTRACT;XIREC;5243.0;5
488700;SUBMISSION;;VELVETFRUIT_EXTRACT;XIREC;5244.0;5
489700;SUBMISSION;;HYDROGEL_PACK;XIREC;9957.0;6
489900;SUBMISSION;;HYDROGEL_PACK;XIREC;9956.0;6
490300;SUBMISSION;;VEV_5300;XIREC;45.0;2
490300;SUBMISSION;;VEV_5500;XIREC;7.0;2
490300;;;VEV_5400;XIREC;16.0;2
490300;;;VEV_6000;XIREC;0.0;2
490300;;;VEV_6500;XIREC;0.0;2
491300;;SUBMISSION;VELVETFRUIT_EXTRACT;XIREC;5234.0;4
491300;;SUBMISSION;VELVETFRUIT_EXTRACT;XIREC;5234.0;3
491400;SUBMISSION;;VELVETFRUIT_EXTRACT;XIREC;5237.0;7
491600;;SUBMISSION;VELVETFRUIT_EXTRACT;XIREC;5237.0;3
491700;SUBMISSION;;VELVETFRUIT_EXTRACT;XIREC;5239.0;3
493600;;SUBMISSION;HYDROGEL_PACK;XIREC;9981.0;2
493600;;SUBMISSION;VELVETFRUIT_EXTRACT;XIREC;5240.0;5
493700;SUBMISSION;;VELVETFRUIT_EXTRACT;XIREC;5239.0;5
494100;;SUBMISSION;VELVETFRUIT_EXTRACT;XIREC;5243.0;6
494200;SUBMISSION;;VELVETFRUIT_EXTRACT;XIREC;5245.0;6
495200;;SUBMISSION;VELVETFRUIT_EXTRACT;XIREC;5241.0;7
495300;SUBMISSION;;VELVETFRUIT_EXTRACT;XIREC;5242.0;7
496300;SUBMISSION;;HYDROGEL_PACK;XIREC;9974.0;4
497200;SUBMISSION;;HYDROGEL_PACK;XIREC;9972.0;5
498200;SUBMISSION;;HYDROGEL_PACK;XIREC;9964.0;5
498300;SUBMISSION;;VEV_4000;XIREC;1239.0;3
499400;;;VELVETFRUIT_EXTRACT;XIREC;5247.0;7
499600;SUBMISSION;;HYDROGEL_PACK;XIREC;9980.0;6
501100;;SUBMISSION;VELVETFRUIT_EXTRACT;XIREC;5245.0;6
501200;SUBMISSION;;VELVETFRUIT_EXTRACT;XIREC;5246.0;6
501400;;SUBMISSION;HYDROGEL_PACK;XIREC;9985.0;5
501600;;SUBMISSION;HYDROGEL_PACK;XIREC;9984.0;6
502000;;SUBMISSION;HYDROGEL_PACK;XIREC;9982.0;3
502700;;SUBMISSION;VELVETFRUIT_EXTRACT;XIREC;5242.0;6
502800;SUBMISSION;;VELVETFRUIT_EXTRACT;XIREC;5244.0;6
503200;SUBMISSION;;VEV_4000;XIREC;1233.0;3
504400;SUBMISSION;;VEV_4000;XIREC;1233.0;3
504900;SUBMISSION;;VEV_4000;XIREC;1232.0;3
505100;;SUBMISSION;VEV_4000;XIREC;1246.0;3
505700;SUBMISSION;;VEV_5300;XIREC;45.0;4
505700;SUBMISSION;;VEV_5500;XIREC;7.0;4
505700;;;VEV_5400;XIREC;16.0;4
505700;;;VEV_6000;XIREC;0.0;4
505700;;;VEV_6500;XIREC;0.0;4
506200;SUBMISSION;;VEV_4000;XIREC;1238.0;1
507500;;;VELVETFRUIT_EXTRACT;XIREC;5231.0;6
510900;SUBMISSION;;HYDROGEL_PACK;XIREC;9940.0;4
512300;;;VELVETFRUIT_EXTRACT;XIREC;5225.0;7
513300;;SUBMISSION;VELVETFRUIT_EXTRACT;XIREC;5225.0;10
513400;SUBMISSION;;VELVETFRUIT_EXTRACT;XIREC;5228.0;10
513900;;SUBMISSION;VELVETFRUIT_EXTRACT;XIREC;5231.0;7
514000;SUBMISSION;;VELVETFRUIT_EXTRACT;XIREC;5232.0;7
515500;;SUBMISSION;VELVETFRUIT_EXTRACT;XIREC;5225.0;7
515600;SUBMISSION;;HYDROGEL_PACK;XIREC;9932.0;5
515600;SUBMISSION;;VELVETFRUIT_EXTRACT;XIREC;5228.0;7
515800;;SUBMISSION;VELVETFRUIT_EXTRACT;XIREC;5228.0;4
515900;SUBMISSION;;VELVETFRUIT_EXTRACT;XIREC;5226.0;4
516300;SUBMISSION;;HYDROGEL_PACK;XIREC;9938.0;5
517700;SUBMISSION;;VEV_4000;XIREC;1228.0;2
517900;;SUBMISSION;HYDROGEL_PACK;XIREC;9953.0;3
518000;SUBMISSION;;HYDROGEL_PACK;XIREC;9937.0;5
518000;SUBMISSION;;VEV_4000;XIREC;1231.0;2
518000;;;VELVETFRUIT_EXTRACT;XIREC;5234.0;7
519600;;;VELVETFRUIT_EXTRACT;XIREC;5241.0;5
520200;;;VELVETFRUIT_EXTRACT;XIREC;5243.0;4
521000;;;VELVETFRUIT_EXTRACT;XIREC;5246.0;5
521400;;SUBMISSION;HYDROGEL_PACK;XIREC;9964.0;6
521500;;;VELVETFRUIT_EXTRACT;XIREC;5248.0;4
522300;;SUBMISSION;HYDROGEL_PACK;XIREC;9970.0;6
522400;;;VELVETFRUIT_EXTRACT;XIREC;5249.0;7
523200;;SUBMISSION;VELVETFRUIT_EXTRACT;XIREC;5254.0;8
523700;SUBMISSION;;VEV_4000;XIREC;1246.0;1
525200;SUBMISSION;;VEV_4000;XIREC;1249.0;3
525700;;SUBMISSION;VELVETFRUIT_EXTRACT;XIREC;5256.0;8
526300;;SUBMISSION;VEV_4000;XIREC;1262.0;2
526600;SUBMISSION;;VEV_4000;XIREC;1250.0;2
526800;;SUBMISSION;HYDROGEL_PACK;XIREC;9989.0;2
527200;SUBMISSION;;HYDROGEL_PACK;XIREC;9973.0;5
528700;SUBMISSION;;VEV_4000;XIREC;1254.0;2
530400;;SUBMISSION;VELVETFRUIT_EXTRACT;XIREC;5262.0;7
531300;;SUBMISSION;VELVETFRUIT_EXTRACT;XIREC;5255.0;10
532500;;SUBMISSION;VEV_4000;XIREC;1262.0;2
534700;SUBMISSION;;VEV_5300;XIREC;51.0;5
534700;SUBMISSION;;VEV_5500;XIREC;8.0;5
534700;;;VEV_6000;XIREC;0.0;5
534700;;;VEV_6500;XIREC;0.0;5
535000;SUBMISSION;;VELVETFRUIT_EXTRACT;XIREC;5250.0;3
535900;;SUBMISSION;VELVETFRUIT_EXTRACT;XIREC;5253.0;7
537500;SUBMISSION;;VELVETFRUIT_EXTRACT;XIREC;5248.0;8
538100;;SUBMISSION;VEV_4000;XIREC;1251.0;2
538600;SUBMISSION;;VELVETFRUIT_EXTRACT;XIREC;5244.0;19
538600;SUBMISSION;;VELVETFRUIT_EXTRACT;XIREC;5245.0;10
540100;;SUBMISSION;VELVETFRUIT_EXTRACT;XIREC;5245.0;7
540300;;SUBMISSION;HYDROGEL_PACK;XIREC;9979.0;2
542600;;SUBMISSION;VELVETFRUIT_EXTRACT;XIREC;5248.0;7
543200;SUBMISSION;;VELVETFRUIT_EXTRACT;XIREC;5242.0;8
543600;SUBMISSION;;VELVETFRUIT_EXTRACT;XIREC;5244.0;6
545700;SUBMISSION;;HYDROGEL_PACK;XIREC;9964.0;5
546200;;SUBMISSION;VELVETFRUIT_EXTRACT;XIREC;5242.0;5
546300;SUBMISSION;;VELVETFRUIT_EXTRACT;XIREC;5244.0;5
546400;;SUBMISSION;VEV_4000;XIREC;1246.0;3
547100;;SUBMISSION;VELVETFRUIT_EXTRACT;XIREC;5240.0;12
547200;SUBMISSION;;VELVETFRUIT_EXTRACT;XIREC;5244.0;12
547400;;;VELVETFRUIT_EXTRACT;XIREC;5238.0;3
548800;;SUBMISSION;VEV_4000;XIREC;1248.0;2
548900;;SUBMISSION;VELVETFRUIT_EXTRACT;XIREC;5241.0;3
550400;SUBMISSION;;VELVETFRUIT_EXTRACT;XIREC;5243.0;3
550400;;SUBMISSION;VELVETFRUIT_EXTRACT;XIREC;5243.0;9
551200;SUBMISSION;;VELVETFRUIT_EXTRACT;XIREC;5245.0;4
552800;;SUBMISSION;VELVETFRUIT_EXTRACT;XIREC;5247.0;7
553800;SUBMISSION;;VELVETFRUIT_EXTRACT;XIREC;5242.0;12
553800;;SUBMISSION;VELVETFRUIT_EXTRACT;XIREC;5242.0;15
554300;SUBMISSION;;HYDROGEL_PACK;XIREC;9944.0;5
554300;SUBMISSION;;VELVETFRUIT_EXTRACT;XIREC;5241.0;3
554500;SUBMISSION;;VEV_5500;XIREC;7.0;4
554500;;;VEV_5400;XIREC;16.0;4
554500;;;VEV_6000;XIREC;0.0;4
554500;;;VEV_6500;XIREC;0.0;4
555000;SUBMISSION;;HYDROGEL_PACK;XIREC;9939.0;2
555000;SUBMISSION;;VELVETFRUIT_EXTRACT;XIREC;5243.0;12
557400;;SUBMISSION;HYDROGEL_PACK;XIREC;9959.0;2
558300;;SUBMISSION;HYDROGEL_PACK;XIREC;9970.0;3
559100;;;VELVETFRUIT_EXTRACT;XIREC;5235.0;7
559800;;SUBMISSION;HYDROGEL_PACK;XIREC;9971.0;6
560800;;SUBMISSION;VELVETFRUIT_EXTRACT;XIREC;5237.0;4
560900;SUBMISSION;;VELVETFRUIT_EXTRACT;XIREC;5239.0;4
562900;SUBMISSION;;HYDROGEL_PACK;XIREC;9961.0;5
563300;;SUBMISSION;VEV_4000;XIREC;1242.0;3
566400;;SUBMISSION;VELVETFRUIT_EXTRACT;XIREC;5245.0;6
566500;;SUBMISSION;HYDROGEL_PACK;XIREC;9957.0;3
568200;SUBMISSION;;VELVETFRUIT_EXTRACT;XIREC;5248.0;6
568200;;;VELVETFRUIT_EXTRACT;XIREC;5247.0;1
568400;SUBMISSION;;HYDROGEL_PACK;XIREC;9950.0;4
568500;;SUBMISSION;HYDROGEL_PACK;XIREC;9964.0;3
568800;SUBMISSION;;VEV_5500;XIREC;8.0;3
568800;;;VEV_5400;XIREC;18.0;3
568800;;;VEV_6000;XIREC;0.0;3
568800;;;VEV_6500;XIREC;0.0;3
569000;;SUBMISSION;VELVETFRUIT_EXTRACT;XIREC;5253.0;8
571700;;SUBMISSION;VELVETFRUIT_EXTRACT;XIREC;5248.0;8
574300;SUBMISSION;;HYDROGEL_PACK;XIREC;9952.0;4
574400;SUBMISSION;;VELVETFRUIT_EXTRACT;XIREC;5240.0;5
574500;SUBMISSION;;VELVETFRUIT_EXTRACT;XIREC;5241.0;8
574700;SUBMISSION;;VELVETFRUIT_EXTRACT;XIREC;5242.0;3
575000;SUBMISSION;;VEV_5300;XIREC;46.0;5
575000;SUBMISSION;;VEV_5500;XIREC;7.0;5
575000;;;VEV_6000;XIREC;0.0;5
575000;;;VEV_6500;XIREC;0.0;5
577000;;SUBMISSION;VEV_4000;XIREC;1246.0;3
577100;;SUBMISSION;VEV_4000;XIREC;1246.0;1
579000;;SUBMISSION;VELVETFRUIT_EXTRACT;XIREC;5243.0;5
579200;SUBMISSION;;VELVETFRUIT_EXTRACT;XIREC;5241.0;4
579300;;SUBMISSION;HYDROGEL_PACK;XIREC;9968.0;2
579800;;SUBMISSION;VELVETFRUIT_EXTRACT;XIREC;5244.0;6
581000;SUBMISSION;;VELVETFRUIT_EXTRACT;XIREC;5242.0;7
581900;SUBMISSION;;HYDROGEL_PACK;XIREC;9970.0;5
584300;;;VELVETFRUIT_EXTRACT;XIREC;5237.0;8
585000;SUBMISSION;;VEV_5500;XIREC;7.0;4
585000;;;VEV_5400;XIREC;16.0;4
585000;;;VEV_6000;XIREC;0.0;4
585000;;;VEV_6500;XIREC;0.0;4
585100;;SUBMISSION;VELVETFRUIT_EXTRACT;XIREC;5245.0;6
585200;;SUBMISSION;VEV_4000;XIREC;1249.0;2
585700;SUBMISSION;;VELVETFRUIT_EXTRACT;XIREC;5240.0;6
585800;;;VELVETFRUIT_EXTRACT;XIREC;5233.0;6
588900;;SUBMISSION;HYDROGEL_PACK;XIREC;9990.0;3
590500;;SUBMISSION;VEV_4000;XIREC;1245.0;2
591100;SUBMISSION;;VEV_5300;XIREC;46.0;2
591100;SUBMISSION;;VEV_5500;XIREC;7.0;2
591100;;;VEV_6000;XIREC;0.0;2
591100;;;VEV_6500;XIREC;0.0;2
591300;SUBMISSION;;HYDROGEL_PACK;XIREC;9981.0;2
592300;SUBMISSION;;HYDROGEL_PACK;XIREC;9983.0;4
592500;;SUBMISSION;VELVETFRUIT_EXTRACT;XIREC;5248.0;10
593200;;SUBMISSION;VELVETFRUIT_EXTRACT;XIREC;5248.0;3
593300;SUBMISSION;;VEV_5500;XIREC;7.0;2
593300;;;VEV_5400;XIREC;16.0;2
593300;;;VEV_6000;XIREC;0.0;2
593300;;;VEV_6500;XIREC;0.0;2
594300;;SUBMISSION;VEV_4000;XIREC;1252.0;3
596100;SUBMISSION;;HYDROGEL_PACK;XIREC;9978.0;4
596500;;SUBMISSION;HYDROGEL_PACK;XIREC;9995.0;6
598100;SUBMISSION;;HYDROGEL_PACK;XIREC;9982.0;6
599000;;SUBMISSION;VELVETFRUIT_EXTRACT;XIREC;5251.0;3
599500;;SUBMISSION;HYDROGEL_PACK;XIREC;10002.0;2
599700;SUBMISSION;;HYDROGEL_PACK;XIREC;9987.0;5
601600;;SUBMISSION;HYDROGEL_PACK;XIREC;9995.0;6
602200;SUBMISSION;;VELVETFRUIT_EXTRACT;XIREC;5242.0;16
603000;SUBMISSION;;VEV_5300;XIREC;46.0;2
603000;SUBMISSION;;VEV_5500;XIREC;7.0;2
603000;;;VEV_6000;XIREC;0.0;2
603000;;;VEV_6500;XIREC;0.0;2
603100;;SUBMISSION;VEV_4000;XIREC;1247.0;3
604600;;SUBMISSION;VELVETFRUIT_EXTRACT;XIREC;5242.0;7
604800;SUBMISSION;;VELVETFRUIT_EXTRACT;XIREC;5240.0;7
605600;;SUBMISSION;VELVETFRUIT_EXTRACT;XIREC;5238.0;5
605700;SUBMISSION;;VELVETFRUIT_EXTRACT;XIREC;5240.0;5
606800;;;VELVETFRUIT_EXTRACT;XIREC;5236.0;3
608000;;;VELVETFRUIT_EXTRACT;XIREC;5236.0;8
611300;;SUBMISSION;VEV_4000;XIREC;1245.0;1
613300;SUBMISSION;;VEV_5500;XIREC;6.0;5
613300;;;VEV_5400;XIREC;14.0;5
613300;;;VEV_6000;XIREC;0.0;5
613300;;;VEV_6500;XIREC;0.0;5
616500;;SUBMISSION;HYDROGEL_PACK;XIREC;10015.0;6
618000;;;VELVETFRUIT_EXTRACT;XIREC;5228.0;6
619000;SUBMISSION;;HYDROGEL_PACK;XIREC;9988.0;2
620400;;;VELVETFRUIT_EXTRACT;XIREC;5224.0;4
621900;;SUBMISSION;VELVETFRUIT_EXTRACT;XIREC;5224.0;8
622000;;SUBMISSION;HYDROGEL_PACK;XIREC;10010.0;6
622000;SUBMISSION;;VELVETFRUIT_EXTRACT;XIREC;5225.0;8
622100;SUBMISSION;;VEV_4000;XIREC;1218.0;2
622700;;;VELVETFRUIT_EXTRACT;XIREC;5220.0;7
622800;SUBMISSION;;VEV_5000;XIREC;232.0;10
622800;SUBMISSION;;VEV_5000;XIREC;233.0;18
622800;SUBMISSION;;VEV_5100;XIREC;150.0;28
622800;SUBMISSION;;VEV_5200;XIREC;84.0;28
622900;SUBMISSION;;VEV_5000;XIREC;232.0;10
622900;SUBMISSION;;VEV_5000;XIREC;233.0;16
622900;SUBMISSION;;VEV_5100;XIREC;149.0;10
622900;SUBMISSION;;VEV_5100;XIREC;150.0;16
622900;SUBMISSION;;VEV_5200;XIREC;84.0;26
623000;SUBMISSION;;VEV_5100;XIREC;150.0;9
623000;SUBMISSION;;VEV_5100;XIREC;151.0;21
623100;SUBMISSION;;VEV_5000;XIREC;232.0;11
623100;SUBMISSION;;VEV_5000;XIREC;233.0;19
623100;SUBMISSION;;VEV_5100;XIREC;149.0;11
623100;SUBMISSION;;VEV_5100;XIREC;150.0;19
623100;SUBMISSION;;VEV_5200;XIREC;84.0;30
623200;SUBMISSION;;VEV_5100;XIREC;150.0;7
623200;SUBMISSION;;VEV_5100;XIREC;151.0;14
623300;SUBMISSION;;VEV_5000;XIREC;232.0;9
623300;SUBMISSION;;VEV_5000;XIREC;233.0;21
623300;SUBMISSION;;VEV_5100;XIREC;150.0;30
623300;SUBMISSION;;VEV_5200;XIREC;84.0;30
623300;;;VELVETFRUIT_EXTRACT;XIREC;5218.0;3
623400;SUBMISSION;;VEV_5100;XIREC;150.0;21
623500;SUBMISSION;;VEV_5000;XIREC;232.0;11
623500;SUBMISSION;;VEV_5000;XIREC;233.0;17
623500;SUBMISSION;;VEV_5100;XIREC;150.0;28
623500;SUBMISSION;;VEV_5200;XIREC;84.0;28
623600;SUBMISSION;;VEV_5000;XIREC;232.0;30
623600;SUBMISSION;;VEV_5100;XIREC;149.0;30
623600;SUBMISSION;;VEV_5200;XIREC;84.0;30
623700;SUBMISSION;;VEV_5000;XIREC;232.0;9
623700;SUBMISSION;;VEV_5000;XIREC;233.0;13
623700;SUBMISSION;;VEV_5100;XIREC;149.0;9
623700;SUBMISSION;;VEV_5100;XIREC;150.0;13
623700;SUBMISSION;;VEV_5200;XIREC;84.0;22
623800;SUBMISSION;;VEV_5000;XIREC;232.0;26
623800;SUBMISSION;;VEV_5100;XIREC;149.0;12
623800;SUBMISSION;;VEV_5100;XIREC;150.0;14
623800;SUBMISSION;;VEV_5200;XIREC;84.0;26
623900;SUBMISSION;;VEV_4000;XIREC;1229.0;15
623900;SUBMISSION;;VEV_4000;XIREC;1232.0;15
623900;;SUBMISSION;VEV_4000;XIREC;1224.0;2
623900;SUBMISSION;;VEV_4500;XIREC;727.0;11
623900;SUBMISSION;;VEV_4500;XIREC;729.0;12
623900;SUBMISSION;;VEV_5000;XIREC;231.0;23
623900;SUBMISSION;;VEV_5100;XIREC;149.0;23
623900;SUBMISSION;;VEV_5200;XIREC;83.0;23
623900;SUBMISSION;;VEV_5300;XIREC;39.0;5
623900;SUBMISSION;;VEV_5300;XIREC;40.0;10
624000;SUBMISSION;;VEV_5000;XIREC;231.0;10
624000;SUBMISSION;;VEV_5000;XIREC;232.0;13
624000;SUBMISSION;;VEV_5100;XIREC;149.0;23
624000;SUBMISSION;;VEV_5200;XIREC;83.0;10
624000;SUBMISSION;;VEV_5200;XIREC;84.0;13
624100;SUBMISSION;;VEV_4000;XIREC;1229.0;11
624100;SUBMISSION;;VEV_4000;XIREC;1232.0;18
624100;SUBMISSION;;VEV_5000;XIREC;231.0;6
624100;SUBMISSION;;VEV_5000;XIREC;232.0;15
624100;SUBMISSION;;VEV_5100;XIREC;149.0;21
624100;SUBMISSION;;VEV_5200;XIREC;83.0;21
624100;SUBMISSION;;VEV_5300;XIREC;39.0;9
624100;SUBMISSION;;VEV_5300;XIREC;40.0;15
624200;SUBMISSION;;VEV_5000;XIREC;231.0;7
624200;SUBMISSION;;VEV_5000;XIREC;232.0;15
624200;SUBMISSION;;VEV_5100;XIREC;149.0;22
624200;SUBMISSION;;VEV_5200;XIREC;83.0;22
624300;SUBMISSION;;VEV_5000;XIREC;232.0;6
624300;SUBMISSION;;VEV_5000;XIREC;233.0;12
624300;SUBMISSION;;VEV_5100;XIREC;150.0;18
624300;SUBMISSION;;VEV_5200;XIREC;84.0;18
624500;SUBMISSION;;VEV_5100;XIREC;150.0;10
624500;SUBMISSION;;VEV_5100;XIREC;151.0;20
624600;SUBMISSION;;VEV_5000;XIREC;232.0;10
624600;SUBMISSION;;VEV_5000;XIREC;233.0;15
624600;SUBMISSION;;VEV_5100;XIREC;149.0;10
624600;SUBMISSION;;VEV_5100;XIREC;150.0;15
624600;SUBMISSION;;VEV_5200;XIREC;84.0;25
624700;SUBMISSION;;VEV_5000;XIREC;232.0;6
624700;SUBMISSION;;VEV_5000;XIREC;233.0;22
624700;SUBMISSION;;VEV_5100;XIREC;149.0;6
624700;SUBMISSION;;VEV_5100;XIREC;150.0;22
624700;SUBMISSION;;VEV_5200;XIREC;84.0;28
624800;;SUBMISSION;VELVETFRUIT_EXTRACT;XIREC;5220.0;6
624800;SUBMISSION;;VEV_5000;XIREC;232.0;12
624800;SUBMISSION;;VEV_5000;XIREC;233.0;17
624800;SUBMISSION;;VEV_5100;XIREC;150.0;29
624800;SUBMISSION;;VEV_5200;XIREC;84.0;29
624900;SUBMISSION;;VELVETFRUIT_EXTRACT;XIREC;5224.0;6
624900;SUBMISSION;;VEV_5100;XIREC;150.0;6
624900;SUBMISSION;;VEV_5100;XIREC;151.0;23
625700;SUBMISSION;;HYDROGEL_PACK;XIREC;9986.0;2
625700;SUBMISSION;;VEV_5100;XIREC;150.0;12
625700;SUBMISSION;;VEV_5100;XIREC;151.0;18
625800;SUBMISSION;;VEV_5100;XIREC;150.0;12
625800;SUBMISSION;;VEV_5100;XIREC;151.0;8
626000;SUBMISSION;;VEV_5000;XIREC;232.0;30
626000;SUBMISSION;;VEV_5200;XIREC;84.0;30
626100;SUBMISSION;;VEV_5000;XIREC;232.0;26
626100;SUBMISSION;;VEV_5200;XIREC;84.0;26
626200;SUBMISSION;;VEV_5000;XIREC;231.0;10
626200;SUBMISSION;;VEV_5000;XIREC;232.0;14
626200;SUBMISSION;;VEV_5200;XIREC;83.0;10
626200;SUBMISSION;;VEV_5200;XIREC;84.0;14
626300;SUBMISSION;;VEV_5200;XIREC;84.0;30
626400;SUBMISSION;;VEV_5200;XIREC;84.0;25
626500;SUBMISSION;;VEV_4000;XIREC;1220.0;2
626500;SUBMISSION;;VEV_4000;XIREC;1231.0;10
626500;SUBMISSION;;VEV_4000;XIREC;1233.0;18
626500;SUBMISSION;;VEV_4500;XIREC;720.0;2
626500;SUBMISSION;;VEV_4500;XIREC;728.0;12
626500;SUBMISSION;;VEV_4500;XIREC;730.0;12
626500;SUBMISSION;;VEV_5000;XIREC;229.0;2
626500;SUBMISSION;;VEV_5000;XIREC;232.0;12
626500;SUBMISSION;;VEV_5000;XIREC;233.0;12
626500;SUBMISSION;;VEV_5200;XIREC;82.0;2
626500;SUBMISSION;;VEV_5200;XIREC;84.0;24
626500;SUBMISSION;;VEV_5300;XIREC;38.0;2
626500;SUBMISSION;;VEV_5500;XIREC;5.0;2
626500;;;VEV_5400;XIREC;12.0;2
626500;;;VEV_6000;XIREC;0.0;2
626500;;;VEV_6500;XIREC;0.0;2
626700;SUBMISSION;;VEV_5000;XIREC;231.0;9
626700;SUBMISSION;;VEV_5000;XIREC;232.0;13
626700;SUBMISSION;;VEV_5200;XIREC;83.0;9
626700;SUBMISSION;;VEV_5200;XIREC;84.0;11
626700;SUBMISSION;;VEV_5300;XIREC;39.0;22
626800;SUBMISSION;;VEV_5000;XIREC;232.0;25
626900;SUBMISSION;;HYDROGEL_PACK;XIREC;9981.0;2
626900;SUBMISSION;;VEV_5000;XIREC;232.0;27
627000;SUBMISSION;;VEV_5000;XIREC;231.0;1
627000;SUBMISSION;;VEV_5300;XIREC;39.0;21
627100;SUBMISSION;;VEV_5300;XIREC;39.0;9
627100;SUBMISSION;;VEV_5300;XIREC;40.0;12
627200;SUBMISSION;;VEV_5300;XIREC;39.0;7
627200;SUBMISSION;;VEV_5300;XIREC;40.0;16
627400;;SUBMISSION;HYDROGEL_PACK;XIREC;9988.0;5
627400;SUBMISSION;;VEV_5300;XIREC;39.0;8
627400;SUBMISSION;;VEV_5300;XIREC;40.0;12
627500;SUBMISSION;;VEV_4000;XIREC;1229.0;15
627500;SUBMISSION;;VEV_4000;XIREC;1232.0;15
627500;SUBMISSION;;VEV_4500;XIREC;727.0;6
627500;SUBMISSION;;VEV_4500;XIREC;728.0;20
627500;SUBMISSION;;VEV_5300;XIREC;39.0;24
627600;SUBMISSION;;VEV_4000;XIREC;1229.0;8
627600;SUBMISSION;;VEV_4000;XIREC;1231.0;17
627600;SUBMISSION;;VEV_4500;XIREC;726.0;6
627600;SUBMISSION;;VEV_4500;XIREC;728.0;15
627600;SUBMISSION;;VEV_5300;XIREC;39.0;19
627700;SUBMISSION;;VEV_4000;XIREC;1228.0;15
627700;SUBMISSION;;VEV_4000;XIREC;1230.0;15
627700;SUBMISSION;;VEV_4500;XIREC;725.0;11
627700;SUBMISSION;;VEV_4500;XIREC;727.0;15
627700;SUBMISSION;;VEV_5300;XIREC;39.0;20
627800;SUBMISSION;;VEV_4000;XIREC;1228.0;8
627800;SUBMISSION;;VEV_4000;XIREC;1230.0;19
627800;SUBMISSION;;VEV_4500;XIREC;725.0;7
627800;SUBMISSION;;VEV_4500;XIREC;727.0;15
627800;SUBMISSION;;VEV_5300;XIREC;39.0;24
627900;SUBMISSION;;VEV_4000;XIREC;1229.0;15
627900;SUBMISSION;;VEV_4000;XIREC;1232.0;15
627900;SUBMISSION;;VEV_4500;XIREC;727.0;7
627900;SUBMISSION;;VEV_4500;XIREC;728.0;15
627900;SUBMISSION;;VEV_5300;XIREC;39.0;16
628000;SUBMISSION;;VEV_4000;XIREC;1228.0;15
628000;SUBMISSION;;VEV_4000;XIREC;1231.0;15
628000;SUBMISSION;;VEV_4500;XIREC;726.0;12
628000;SUBMISSION;;VEV_4500;XIREC;728.0;13
628000;SUBMISSION;;VEV_5300;XIREC;39.0;21
628100;SUBMISSION;;VEV_5300;XIREC;39.0;6
628100;SUBMISSION;;VEV_5300;XIREC;40.0;19
628200;SUBMISSION;;VEV_5300;XIREC;39.0;10
628200;SUBMISSION;;VEV_5300;XIREC;40.0;10
628300;SUBMISSION;;VEV_5300;XIREC;39.0;9
628300;SUBMISSION;;VEV_5300;XIREC;40.0;14
629100;;;VELVETFRUIT_EXTRACT;XIREC;5220.0;4
629300;;SUBMISSION;HYDROGEL_PACK;XIREC;9996.0;4
629700;SUBMISSION;;HYDROGEL_PACK;XIREC;9984.0;4
631100;;SUBMISSION;HYDROGEL_PACK;XIREC;10004.0;3
631900;SUBMISSION;;VEV_4000;XIREC;1220.0;4
631900;SUBMISSION;;VEV_4000;XIREC;1230.0;14
631900;SUBMISSION;;VEV_4000;XIREC;1233.0;12
631900;SUBMISSION;;VEV_4500;XIREC;720.0;4
631900;SUBMISSION;;VEV_4500;XIREC;728.0;12
631900;SUBMISSION;;VEV_4500;XIREC;730.0;14
631900;SUBMISSION;;VEV_5300;XIREC;38.0;4
631900;SUBMISSION;;VEV_5500;XIREC;5.0;4
631900;;;VEV_5400;XIREC;12.0;4
631900;;;VEV_6000;XIREC;0.0;4
631900;;;VEV_6500;XIREC;0.0;4
632700;SUBMISSION;;VEV_4000;XIREC;1228.0;12
632700;SUBMISSION;;VEV_4000;XIREC;1231.0;18
632700;SUBMISSION;;VEV_4500;XIREC;726.0;10
632700;SUBMISSION;;VEV_4500;XIREC;728.0;20
632700;SUBMISSION;;VEV_5300;XIREC;39.0;17
632800;SUBMISSION;;VEV_4000;XIREC;1229.0;14
632800;SUBMISSION;;VEV_4000;XIREC;1232.0;16
632800;SUBMISSION;;VEV_4500;XIREC;727.0;12
632800;SUBMISSION;;VEV_4500;XIREC;728.0;18
632800;SUBMISSION;;VEV_5300;XIREC;39.0;24
634800;;SUBMISSION;HYDROGEL_PACK;XIREC;10011.0;2
635000;;SUBMISSION;VELVETFRUIT_EXTRACT;XIREC;5227.0;5
635100;SUBMISSION;;VELVETFRUIT_EXTRACT;XIREC;5228.0;5
636500;;;VELVETFRUIT_EXTRACT;XIREC;5225.0;3
636700;;SUBMISSION;HYDROGEL_PACK;XIREC;10014.0;3
637800;;SUBMISSION;VELVETFRUIT_EXTRACT;XIREC;5231.0;4
637900;SUBMISSION;;VELVETFRUIT_EXTRACT;XIREC;5233.0;4
638400;SUBMISSION;;HYDROGEL_PACK;XIREC;9989.0;5
638500;;SUBMISSION;HYDROGEL_PACK;XIREC;10002.0;6
639800;;SUBMISSION;VELVETFRUIT_EXTRACT;XIREC;5232.0;5
639900;SUBMISSION;;HYDROGEL_PACK;XIREC;9979.0;2
639900;SUBMISSION;;VELVETFRUIT_EXTRACT;XIREC;5234.0;5
640100;;SUBMISSION;HYDROGEL_PACK;XIREC;9997.0;4
640300;SUBMISSION;;VEV_5300;XIREC;42.0;5
640300;SUBMISSION;;VEV_5500;XIREC;6.0;5
640300;;;VEV_6000;XIREC;0.0;5
640300;;;VEV_6500;XIREC;0.0;5
640800;SUBMISSION;;HYDROGEL_PACK;XIREC;9984.0;5
641600;;;VELVETFRUIT_EXTRACT;XIREC;5229.0;8
641800;;SUBMISSION;VELVETFRUIT_EXTRACT;XIREC;5232.0;6
641900;SUBMISSION;;VELVETFRUIT_EXTRACT;XIREC;5234.0;6
642400;;;VELVETFRUIT_EXTRACT;XIREC;5227.0;8
642700;;SUBMISSION;VELVETFRUIT_EXTRACT;XIREC;5229.0;13
642800;SUBMISSION;;VELVETFRUIT_EXTRACT;XIREC;5230.0;6
642800;SUBMISSION;;VELVETFRUIT_EXTRACT;XIREC;5233.0;7
643900;;SUBMISSION;HYDROGEL_PACK;XIREC;10009.0;6
644300;SUBMISSION;;VEV_4000;XIREC;1222.0;2
644700;;SUBMISSION;VELVETFRUIT_EXTRACT;XIREC;5232.0;4
644800;SUBMISSION;;VELVETFRUIT_EXTRACT;XIREC;5232.0;4
645000;;SUBMISSION;VEV_4000;XIREC;1235.0;1
645200;;;VELVETFRUIT_EXTRACT;XIREC;5224.0;7
645400;SUBMISSION;;HYDROGEL_PACK;XIREC;10010.0;4
645500;;SUBMISSION;HYDROGEL_PACK;XIREC;10023.0;2
645800;SUBMISSION;;VEV_4000;XIREC;1223.0;1
646500;;SUBMISSION;HYDROGEL_PACK;XIREC;10028.0;6
646800;;SUBMISSION;VELVETFRUIT_EXTRACT;XIREC;5232.0;5
646900;SUBMISSION;;VELVETFRUIT_EXTRACT;XIREC;5232.0;5
648100;;SUBMISSION;VELVETFRUIT_EXTRACT;XIREC;5227.0;3
648200;SUBMISSION;;VELVETFRUIT_EXTRACT;XIREC;5227.0;3
649600;SUBMISSION;;HYDROGEL_PACK;XIREC;10014.0;2
650900;;;VELVETFRUIT_EXTRACT;XIREC;5227.0;4
652300;SUBMISSION;;HYDROGEL_PACK;XIREC;10007.0;3
653500;SUBMISSION;;HYDROGEL_PACK;XIREC;10013.0;6
655000;;;VELVETFRUIT_EXTRACT;XIREC;5231.0;5
655800;SUBMISSION;;VEV_5200;XIREC;88.0;5
655800;SUBMISSION;;VEV_5500;XIREC;6.0;5
655800;;;VEV_6000;XIREC;0.0;5
655800;;;VEV_6500;XIREC;0.0;5
655900;SUBMISSION;;VEV_5300;XIREC;42.0;3
655900;SUBMISSION;;VEV_5500;XIREC;6.0;3
655900;;;VEV_6000;XIREC;0.0;3
655900;;;VEV_6500;XIREC;0.0;3
657100;SUBMISSION;;VEV_4000;XIREC;1230.0;1
658800;;SUBMISSION;VEV_4000;XIREC;1243.0;2
661800;;SUBMISSION;HYDROGEL_PACK;XIREC;10021.0;4
662400;SUBMISSION;;HYDROGEL_PACK;XIREC;10005.0;5
662500;;SUBMISSION;VEV_4000;XIREC;1251.0;1
663100;SUBMISSION;;HYDROGEL_PACK;XIREC;9999.0;5
663200;SUBMISSION;;VEV_4000;XIREC;1236.0;1
663300;;SUBMISSION;VELVETFRUIT_EXTRACT;XIREC;5244.0;3
663600;SUBMISSION;;VELVETFRUIT_EXTRACT;XIREC;5243.0;3
663600;;;VELVETFRUIT_EXTRACT;XIREC;5242.0;2
664000;;SUBMISSION;VEV_4000;XIREC;1246.0;2
664100;;SUBMISSION;VEV_4000;XIREC;1248.0;2
665500;;SUBMISSION;VEV_4000;XIREC;1248.0;2
668000;SUBMISSION;;HYDROGEL_PACK;XIREC;10000.0;6
668300;;SUBMISSION;VELVETFRUIT_EXTRACT;XIREC;5244.0;4
669000;SUBMISSION;;VELVETFRUIT_EXTRACT;XIREC;5239.0;4
669000;;;VELVETFRUIT_EXTRACT;XIREC;5238.0;2
670800;SUBMISSION;;HYDROGEL_PACK;XIREC;9994.0;5
672800;;SUBMISSION;VELVETFRUIT_EXTRACT;XIREC;5242.0;4
675000;SUBMISSION;;VELVETFRUIT_EXTRACT;XIREC;5233.0;4
676600;;SUBMISSION;VELVETFRUIT_EXTRACT;XIREC;5236.0;6
677100;SUBMISSION;;VELVETFRUIT_EXTRACT;XIREC;5235.0;6
678200;;SUBMISSION;VELVETFRUIT_EXTRACT;XIREC;5236.0;11
679600;;SUBMISSION;HYDROGEL_PACK;XIREC;9994.0;6
679600;;SUBMISSION;VELVETFRUIT_EXTRACT;XIREC;5243.0;4
680000;;SUBMISSION;VELVETFRUIT_EXTRACT;XIREC;5240.0;9
680300;;SUBMISSION;VELVETFRUIT_EXTRACT;XIREC;5242.0;7
681600;;SUBMISSION;VEV_4000;XIREC;1244.0;3
682000;SUBMISSION;;VELVETFRUIT_EXTRACT;XIREC;5238.0;4
682100;;SUBMISSION;HYDROGEL_PACK;XIREC;9981.0;5
682200;SUBMISSION;;HYDROGEL_PACK;XIREC;9968.0;6
683300;SUBMISSION;;VELVETFRUIT_EXTRACT;XIREC;5235.0;3
683500;;SUBMISSION;HYDROGEL_PACK;XIREC;9972.0;4
685500;;SUBMISSION;VELVETFRUIT_EXTRACT;XIREC;5244.0;5
685800;;SUBMISSION;VEV_4000;XIREC;1249.0;1
686000;SUBMISSION;;HYDROGEL_PACK;XIREC;9991.0;4
687700;;SUBMISSION;VELVETFRUIT_EXTRACT;XIREC;5244.0;9
688200;SUBMISSION;;VELVETFRUIT_EXTRACT;XIREC;5244.0;5
689200;SUBMISSION;;VEV_4000;XIREC;1237.0;3
690600;;SUBMISSION;HYDROGEL_PACK;XIREC;9999.0;3
690600;;SUBMISSION;VELVETFRUIT_EXTRACT;XIREC;5248.0;13
691300;SUBMISSION;;HYDROGEL_PACK;XIREC;9983.0;6
692200;SUBMISSION;;VEV_4000;XIREC;1242.0;2
693200;SUBMISSION;;VEV_5500;XIREC;7.0;2
693200;;;VEV_5400;XIREC;16.0;2
693200;;;VEV_6000;XIREC;0.0;2
693200;;;VEV_6500;XIREC;0.0;2
693500;;SUBMISSION;VELVETFRUIT_EXTRACT;XIREC;5248.0;6
693800;;SUBMISSION;HYDROGEL_PACK;XIREC;10004.0;6
693900;;SUBMISSION;VELVETFRUIT_EXTRACT;XIREC;5250.0;3
695000;SUBMISSION;;VEV_5500;XIREC;7.0;2
695000;;;VEV_5400;XIREC;16.0;2
695000;;;VEV_6000;XIREC;0.0;2
695000;;;VEV_6500;XIREC;0.0;2
696200;;SUBMISSION;VELVETFRUIT_EXTRACT;XIREC;5250.0;5
696300;;SUBMISSION;VELVETFRUIT_EXTRACT;XIREC;5250.0;6
696800;;SUBMISSION;VELVETFRUIT_EXTRACT;XIREC;5250.0;5
699400;SUBMISSION;;HYDROGEL_PACK;XIREC;10009.0;3
707400;SUBMISSION;;HYDROGEL_PACK;XIREC;10025.0;4
707600;;SUBMISSION;VELVETFRUIT_EXTRACT;XIREC;5252.0;6
708700;;SUBMISSION;VELVETFRUIT_EXTRACT;XIREC;5257.0;3
710400;;SUBMISSION;VELVETFRUIT_EXTRACT;XIREC;5251.0;3
711600;SUBMISSION;;VEV_5300;XIREC;47.0;2
711600;SUBMISSION;;VEV_5500;XIREC;7.0;2
711600;;;VEV_5400;XIREC;16.0;2
711600;;;VEV_6000;XIREC;0.0;2
711600;;;VEV_6500;XIREC;0.0;2
711900;;SUBMISSION;VELVETFRUIT_EXTRACT;XIREC;5250.0;3
712800;SUBMISSION;;HYDROGEL_PACK;XIREC;10019.0;5
712900;;SUBMISSION;VELVETFRUIT_EXTRACT;XIREC;5249.0;6
713700;;SUBMISSION;VEV_4000;XIREC;1251.0;1
713800;;SUBMISSION;VEV_4000;XIREC;1252.0;2
714900;SUBMISSION;;HYDROGEL_PACK;XIREC;10008.0;2
715000;SUBMISSION;;HYDROGEL_PACK;XIREC;10006.0;2
715000;SUBMISSION;;VEV_5500;XIREC;8.0;3
715000;;;VEV_5400;XIREC;17.0;3
715000;;;VEV_6000;XIREC;0.0;3
715000;;;VEV_6500;XIREC;0.0;3
715500;SUBMISSION;;VELVETFRUIT_EXTRACT;XIREC;5250.0;4
715600;SUBMISSION;;VELVETFRUIT_EXTRACT;XIREC;5250.0;5
719300;SUBMISSION;;VELVETFRUIT_EXTRACT;XIREC;5251.0;7
719900;SUBMISSION;;VELVETFRUIT_EXTRACT;XIREC;5251.0;5
721300;SUBMISSION;;HYDROGEL_PACK;XIREC;10006.0;5
721400;SUBMISSION;;HYDROGEL_PACK;XIREC;10004.0;5
722600;SUBMISSION;;HYDROGEL_PACK;XIREC;10002.0;4
722600;SUBMISSION;;VEV_5500;XIREC;8.0;3
722600;;;VEV_6000;XIREC;0.0;3
722600;;;VEV_6500;XIREC;0.0;3
723800;;SUBMISSION;VEV_5100;XIREC;182.0;7
723800;;SUBMISSION;VEV_5100;XIREC;181.0;17
723900;;SUBMISSION;VEV_5100;XIREC;182.0;21
724000;;SUBMISSION;VEV_5100;XIREC;182.0;22
724100;;SUBMISSION;VEV_5100;XIREC;182.0;30
724100;;SUBMISSION;VEV_5200;XIREC;109.0;11
724100;;SUBMISSION;VEV_5200;XIREC;108.0;19
724200;;SUBMISSION;VEV_4000;XIREC;1267.0;5
724200;;SUBMISSION;VEV_4000;XIREC;1257.0;13
724200;;SUBMISSION;VEV_4000;XIREC;1255.0;12
724200;;SUBMISSION;VEV_4500;XIREC;767.0;5
724200;;SUBMISSION;VEV_4500;XIREC;760.0;11
724200;;SUBMISSION;VEV_4500;XIREC;758.0;14
724200;;SUBMISSION;VEV_5000;XIREC;272.0;5
724200;;SUBMISSION;VEV_5000;XIREC;269.0;25
724200;;SUBMISSION;VEV_5100;XIREC;184.0;5
724200;;SUBMISSION;VEV_5100;XIREC;182.0;25
724200;;SUBMISSION;VEV_5200;XIREC;110.0;5
724200;;SUBMISSION;VEV_5200;XIREC;109.0;11
724200;;SUBMISSION;VEV_5200;XIREC;108.0;14
724300;;SUBMISSION;VEV_5100;XIREC;182.0;25
724400;;SUBMISSION;VEV_5100;XIREC;182.0;8
724400;;SUBMISSION;VEV_5100;XIREC;181.0;17
724500;;SUBMISSION;VEV_5100;XIREC;182.0;23
724500;;SUBMISSION;VEV_5200;XIREC;109.0;9
724500;;SUBMISSION;VEV_5200;XIREC;108.0;14
724600;;SUBMISSION;VEV_5100;XIREC;182.0;27
724600;;SUBMISSION;VEV_5200;XIREC;109.0;8
724600;;SUBMISSION;VEV_5200;XIREC;108.0;19
724700;;SUBMISSION;VEV_4500;XIREC;761.0;9
724700;;SUBMISSION;VEV_4500;XIREC;759.0;18
724700;;SUBMISSION;VEV_5000;XIREC;270.0;27
724700;;SUBMISSION;VEV_5100;XIREC;183.0;27
724700;;SUBMISSION;VEV_5200;XIREC;109.0;27
724800;;SUBMISSION;VEV_5000;XIREC;270.0;9
724800;;SUBMISSION;VEV_5000;XIREC;269.0;20
724800;;SUBMISSION;VEV_5100;XIREC;183.0;9
724800;;SUBMISSION;VEV_5100;XIREC;182.0;20
724800;;SUBMISSION;VEV_5200;XIREC;109.0;29
724900;;SUBMISSION;VEV_4000;XIREC;1258.0;12
724900;;SUBMISSION;VEV_4000;XIREC;1256.0;18
724900;;SUBMISSION;VEV_4500;XIREC;761.0;9
724900;;SUBMISSION;VEV_4500;XIREC;759.0;19
724900;;SUBMISSION;VEV_5000;XIREC;270.0;28
724900;;SUBMISSION;VEV_5100;XIREC;183.0;28
724900;;SUBMISSION;VEV_5200;XIREC;109.0;28
725000;SUBMISSION;;VELVETFRUIT_EXTRACT;XIREC;5267.0;4
725000;;SUBMISSION;VEV_5000;XIREC;270.0;11
725000;;SUBMISSION;VEV_5000;XIREC;269.0;19
725000;;SUBMISSION;VEV_5100;XIREC;183.0;30
725000;;SUBMISSION;VEV_5200;XIREC;109.0;30
725100;;SUBMISSION;VEV_5100;XIREC;182.0;30
725100;;SUBMISSION;VEV_5200;XIREC;109.0;11
725100;;SUBMISSION;VEV_5200;XIREC;108.0;19
725600;;SUBMISSION;VEV_5100;XIREC;182.0;24
725900;;SUBMISSION;VEV_5000;XIREC;270.0;7
725900;;SUBMISSION;VEV_5000;XIREC;269.0;15
725900;;SUBMISSION;VEV_5100;XIREC;183.0;7
725900;;SUBMISSION;VEV_5100;XIREC;182.0;15
725900;;SUBMISSION;VEV_5200;XIREC;109.0;22
726000;;SUBMISSION;VEV_5000;XIREC;270.0;23
726000;;SUBMISSION;VEV_5100;XIREC;183.0;23
726000;;SUBMISSION;VEV_5200;XIREC;109.0;23
726100;;SUBMISSION;VEV_4000;XIREC;1261.0;13
726100;;SUBMISSION;VEV_4000;XIREC;1258.0;17
726100;;SUBMISSION;VEV_4500;XIREC;763.0;12
726100;;SUBMISSION;VEV_4500;XIREC;761.0;18
726100;;SUBMISSION;VEV_5000;XIREC;273.0;12
726100;;SUBMISSION;VEV_5000;XIREC;272.0;18
726100;;SUBMISSION;VEV_5100;XIREC;185.0;30
726100;;SUBMISSION;VEV_5200;XIREC;111.0;30
726200;;SUBMISSION;VEV_4000;XIREC;1260.0;10
726200;;SUBMISSION;VEV_4000;XIREC;1258.0;20
726200;;SUBMISSION;VEV_4500;XIREC;763.0;7
726200;;SUBMISSION;VEV_4500;XIREC;761.0;22
726200;;SUBMISSION;VEV_5000;XIREC;272.0;29
726200;;SUBMISSION;VEV_5100;XIREC;185.0;7
726200;;SUBMISSION;VEV_5100;XIREC;184.0;22
726200;;SUBMISSION;VEV_5200;XIREC;110.0;29
726300;;SUBMISSION;VEV_4000;XIREC;1261.0;9
726300;;SUBMISSION;VEV_4000;XIREC;1258.0;15
726300;;SUBMISSION;VEV_4500;XIREC;763.0;10
726300;;SUBMISSION;VEV_4500;XIREC;761.0;14
726300;;SUBMISSION;VEV_5000;XIREC;273.0;10
726300;;SUBMISSION;VEV_5000;XIREC;272.0;14
726300;;SUBMISSION;VEV_5100;XIREC;185.0;24
726300;;SUBMISSION;VEV_5200;XIREC;111.0;24
726400;;SUBMISSION;VEV_4000;XIREC;1260.0;8
726400;;SUBMISSION;VEV_4000;XIREC;1258.0;16
726400;;SUBMISSION;VEV_4500;XIREC;763.0;7
726400;;SUBMISSION;VEV_4500;XIREC;761.0;23
726400;;SUBMISSION;VEV_5000;XIREC;272.0;30
726400;;SUBMISSION;VEV_5100;XIREC;185.0;7
726400;;SUBMISSION;VEV_5100;XIREC;184.0;23
726400;;SUBMISSION;VEV_5200;XIREC;111.0;7
726400;;SUBMISSION;VEV_5200;XIREC;110.0;23
726500;;SUBMISSION;VEV_4000;XIREC;1261.0;12
726500;;SUBMISSION;VEV_4000;XIREC;1258.0;18
726500;;SUBMISSION;VEV_4500;XIREC;763.0;12
726500;;SUBMISSION;VEV_4500;XIREC;761.0;14
726500;;SUBMISSION;VEV_5000;XIREC;273.0;12
726500;;SUBMISSION;VEV_5000;XIREC;272.0;14
726500;;SUBMISSION;VEV_5100;XIREC;185.0;26
726500;;SUBMISSION;VEV_5200;XIREC;111.0;26
726600;;SUBMISSION;VEV_4000;XIREC;1260.0;10
726600;;SUBMISSION;VEV_4000;XIREC;1258.0;15
726600;;SUBMISSION;VEV_4500;XIREC;763.0;9
726600;;SUBMISSION;VEV_4500;XIREC;761.0;17
726600;;SUBMISSION;VEV_5000;XIREC;272.0;26
726600;;SUBMISSION;VEV_5100;XIREC;185.0;9
726600;;SUBMISSION;VEV_5100;XIREC;184.0;2
726600;;SUBMISSION;VEV_5200;XIREC;111.0;9
726600;;SUBMISSION;VEV_5200;XIREC;110.0;17
726700;;SUBMISSION;VEV_4000;XIREC;1260.0;8
726700;;SUBMISSION;VEV_4000;XIREC;1258.0;22
726700;;SUBMISSION;VEV_4500;XIREC;763.0;6
726700;;SUBMISSION;VEV_4500;XIREC;761.0;19
726700;;SUBMISSION;VEV_5000;XIREC;272.0;25
726700;;SUBMISSION;VEV_5200;XIREC;111.0;6
726700;;SUBMISSION;VEV_5200;XIREC;110.0;19
726800;;SUBMISSION;VEV_4000;XIREC;1260.0;11
726800;;SUBMISSION;VEV_4000;XIREC;1258.0;15
726800;;SUBMISSION;VEV_4500;XIREC;763.0;6
726800;;SUBMISSION;VEV_5000;XIREC;272.0;22
726800;;SUBMISSION;VEV_5200;XIREC;110.0;22
726900;;SUBMISSION;VEV_4000;XIREC;1259.0;13
726900;;SUBMISSION;VEV_4000;XIREC;1257.0;16
726900;;SUBMISSION;VEV_5000;XIREC;271.0;30
726900;;SUBMISSION;VEV_5200;XIREC;110.0;30
727000;;SUBMISSION;VEV_4000;XIREC;1260.0;10
727000;;SUBMISSION;VEV_4000;XIREC;1258.0;20
727000;;SUBMISSION;VEV_5000;XIREC;272.0;29
727000;;SUBMISSION;VEV_5200;XIREC;111.0;6
727000;;SUBMISSION;VEV_5200;XIREC;110.0;23
727100;;SUBMISSION;VEV_4000;XIREC;1260.0;4
727100;;SUBMISSION;VEV_5000;XIREC;272.0;30
727100;;SUBMISSION;VEV_5200;XIREC;111.0;11
727100;;SUBMISSION;VEV_5200;XIREC;110.0;14
727200;;SUBMISSION;VEV_5000;XIREC;272.0;10
727200;;SUBMISSION;VEV_5000;XIREC;271.0;20
727300;;SUBMISSION;VEV_5000;XIREC;272.0;11
727300;;SUBMISSION;VEV_5000;XIREC;271.0;19
727400;;SUBMISSION;VELVETFRUIT_EXTRACT;XIREC;5270.0;6
727400;;SUBMISSION;VEV_5000;XIREC;272.0;12
727400;;SUBMISSION;VEV_5000;XIREC;271.0;12
727500;;SUBMISSION;VEV_5000;XIREC;273.0;8
727500;;SUBMISSION;VEV_5000;XIREC;272.0;8
729100;SUBMISSION;;VEV_5500;XIREC;9.0;3
729100;;;VEV_5400;XIREC;20.0;3
729100;;;VEV_6000;XIREC;0.0;3
729100;;;VEV_6500;XIREC;0.0;3
730000;;SUBMISSION;VEV_5300;XIREC;57.0;23
730100;;SUBMISSION;VEV_5300;XIREC;58.0;25
730300;;SUBMISSION;VEV_5300;XIREC;57.0;22
730400;;SUBMISSION;VEV_5300;XIREC;58.0;19
730500;;SUBMISSION;VEV_5300;XIREC;58.0;7
730500;;SUBMISSION;VEV_5300;XIREC;57.0;10
730600;;SUBMISSION;VEV_5300;XIREC;57.0;26
730700;;SUBMISSION;VEV_5300;XIREC;57.0;24
730800;;SUBMISSION;VEV_5300;XIREC;57.0;21
731500;;SUBMISSION;VELVETFRUIT_EXTRACT;XIREC;5274.0;7
731500;;SUBMISSION;VEV_5300;XIREC;57.0;19
731700;;SUBMISSION;VEV_5300;XIREC;58.0;7
731700;;SUBMISSION;VEV_5300;XIREC;57.0;12
731800;;SUBMISSION;VEV_5300;XIREC;57.0;22
732700;SUBMISSION;;VELVETFRUIT_EXTRACT;XIREC;5269.0;8
732900;;SUBMISSION;VEV_5300;XIREC;57.0;22
735100;;SUBMISSION;HYDROGEL_PACK;XIREC;10038.0;5
735800;SUBMISSION;;VELVETFRUIT_EXTRACT;XIREC;5270.0;3
735900;SUBMISSION;;VEV_4000;XIREC;1265.0;2
736000;;SUBMISSION;VEV_4000;XIREC;1259.0;2
736400;;SUBMISSION;VEV_5300;XIREC;58.0;7
736400;;SUBMISSION;VEV_5300;XIREC;57.0;16
736700;SUBMISSION;;VEV_5500;XIREC;9.0;2
736700;;;VEV_5400;XIREC;20.0;2
736700;;;VEV_6000;XIREC;0.0;2
736700;;;VEV_6500;XIREC;0.0;2
736800;SUBMISSION;;VEV_5500;XIREC;9.0;2
736800;;;VEV_6000;XIREC;0.0;2
736800;;;VEV_6500;XIREC;0.0;2
738300;SUBMISSION;;HYDROGEL_PACK;XIREC;10038.0;5
738400;;SUBMISSION;HYDROGEL_PACK;XIREC;10053.0;2
739100;;SUBMISSION;VEV_4000;XIREC;1276.0;3
740800;;SUBMISSION;HYDROGEL_PACK;XIREC;10057.0;3
741100;;SUBMISSION;VELVETFRUIT_EXTRACT;XIREC;5269.0;9
741300;;SUBMISSION;HYDROGEL_PACK;XIREC;10056.0;2
744700;;SUBMISSION;VELVETFRUIT_EXTRACT;XIREC;5271.0;6
746600;SUBMISSION;;VELVETFRUIT_EXTRACT;XIREC;5270.0;7
746700;;SUBMISSION;VEV_5300;XIREC;58.0;6
746700;;SUBMISSION;VEV_5300;XIREC;57.0;10
746800;;SUBMISSION;VELVETFRUIT_EXTRACT;XIREC;5274.0;4
746900;;SUBMISSION;VEV_5300;XIREC;58.0;17
747200;;SUBMISSION;VEV_5300;XIREC;58.0;8
747200;;SUBMISSION;VEV_5300;XIREC;57.0;15
747700;;SUBMISSION;VELVETFRUIT_EXTRACT;XIREC;5273.0;8
747700;;SUBMISSION;VELVETFRUIT_EXTRACT;XIREC;5270.0;20
747700;;SUBMISSION;VEV_5300;XIREC;58.0;18
747800;;SUBMISSION;VEV_5300;XIREC;58.0;24
747900;;SUBMISSION;VEV_5300;XIREC;58.0;27
748000;;SUBMISSION;VELVETFRUIT_EXTRACT;XIREC;5272.0;59
748000;;SUBMISSION;VELVETFRUIT_EXTRACT;XIREC;5277.0;7
748000;;SUBMISSION;VEV_4000;XIREC;1281.0;1
748000;;SUBMISSION;VEV_5300;XIREC;59.0;6
748000;;SUBMISSION;VEV_5300;XIREC;58.0;10
748100;;SUBMISSION;VELVETFRUIT_EXTRACT;XIREC;5274.0;60
748100;;SUBMISSION;VEV_5500;XIREC;10.0;29
748200;;SUBMISSION;VELVETFRUIT_EXTRACT;XIREC;5275.0;8
748200;;SUBMISSION;VELVETFRUIT_EXTRACT;XIREC;5273.0;18
748200;;SUBMISSION;VELVETFRUIT_EXTRACT;XIREC;5272.0;47
748200;;SUBMISSION;VEV_5500;XIREC;10.0;24
748400;;SUBMISSION;VELVETFRUIT_EXTRACT;XIREC;5275.0;8
748400;;SUBMISSION;VELVETFRUIT_EXTRACT;XIREC;5273.0;19
748400;;SUBMISSION;VELVETFRUIT_EXTRACT;XIREC;5272.0;40
748400;;SUBMISSION;VEV_5500;XIREC;10.0;19
748800;;SUBMISSION;HYDROGEL_PACK;XIREC;10037.0;6
748900;;SUBMISSION;VEV_5500;XIREC;10.0;28
749000;;SUBMISSION;VELVETFRUIT_EXTRACT;XIREC;5273.0;6
749000;;SUBMISSION;VEV_5500;XIREC;10.0;1
749100;;SUBMISSION;VELVETFRUIT_EXTRACT;XIREC;5274.0;19
750300;;SUBMISSION;HYDROGEL_PACK;XIREC;10028.0;4
750300;;;VELVETFRUIT_EXTRACT;XIREC;5279.0;6
751300;;SUBMISSION;VEV_5400;XIREC;23.0;19
751400;;SUBMISSION;VEV_5400;XIREC;23.0;24
751500;;SUBMISSION;VEV_5400;XIREC;23.0;24
751600;;SUBMISSION;VEV_5400;XIREC;24.0;20
751700;;SUBMISSION;VEV_5400;XIREC;24.0;9
751700;;SUBMISSION;VEV_5400;XIREC;23.0;12
751800;;SUBMISSION;VEV_5400;XIREC;24.0;16
751900;;SUBMISSION;VEV_5400;XIREC;24.0;27
752000;;SUBMISSION;VEV_5400;XIREC;24.0;27
752100;;SUBMISSION;VEV_5400;XIREC;24.0;19
752200;;SUBMISSION;VEV_5400;XIREC;24.0;24
752300;;SUBMISSION;VEV_5400;XIREC;23.0;19
752400;;SUBMISSION;VEV_5400;XIREC;23.0;23
752500;;SUBMISSION;VEV_5400;XIREC;23.0;23
752600;;SUBMISSION;VEV_5400;XIREC;23.0;20
754800;;SUBMISSION;HYDROGEL_PACK;XIREC;10048.0;3
755900;;SUBMISSION;HYDROGEL_PACK;XIREC;10046.0;2
756100;;;VELVETFRUIT_EXTRACT;XIREC;5270.0;14
757300;;;VEV_6000;XIREC;0.0;5
757300;;;VEV_6500;XIREC;0.0;5
758600;;;VELVETFRUIT_EXTRACT;XIREC;5275.0;3
758800;;;VELVETFRUIT_EXTRACT;XIREC;5273.0;6
760300;;SUBMISSION;HYDROGEL_PACK;XIREC;10024.0;6
761600;SUBMISSION;;VEV_4000;XIREC;1250.0;3
761600;;;VELVETFRUIT_EXTRACT;XIREC;5259.0;4
762000;;SUBMISSION;VEV_4000;XIREC;1262.0;2
762200;SUBMISSION;;HYDROGEL_PACK;XIREC;10004.0;3
762500;;SUBMISSION;VEV_4000;XIREC;1261.0;2
762800;SUBMISSION;;HYDROGEL_PACK;XIREC;10003.0;5
763000;;SUBMISSION;HYDROGEL_PACK;XIREC;10017.0;4
764200;SUBMISSION;;HYDROGEL_PACK;XIREC;9996.0;4
764300;;;VELVETFRUIT_EXTRACT;XIREC;5258.0;7
764400;SUBMISSION;;HYDROGEL_PACK;XIREC;9995.0;5
765200;;;VEV_4000;XIREC;1271.0;3
769300;SUBMISSION;;VEV_5400;XIREC;18.0;5
769300;SUBMISSION;;VEV_5500;XIREC;9.0;5
769300;;;VEV_6000;XIREC;0.0;5
769300;;;VEV_6500;XIREC;0.0;5
769500;;SUBMISSION;HYDROGEL_PACK;XIREC;10021.0;3
770000;;;VELVETFRUIT_EXTRACT;XIREC;5265.0;3
772300;;;VELVETFRUIT_EXTRACT;XIREC;5259.0;10
773400;;SUBMISSION;HYDROGEL_PACK;XIREC;10004.0;6
774500;;;VELVETFRUIT_EXTRACT;XIREC;5264.0;8
775200;SUBMISSION;;VELVETFRUIT_EXTRACT;XIREC;5258.0;3
776900;SUBMISSION;;HYDROGEL_PACK;XIREC;10000.0;4
777400;;SUBMISSION;VELVETFRUIT_EXTRACT;XIREC;5254.0;3
777400;;;VELVETFRUIT_EXTRACT;XIREC;5255.0;1
778400;SUBMISSION;;HYDROGEL_PACK;XIREC;10000.0;6
778700;;SUBMISSION;HYDROGEL_PACK;XIREC;10010.0;4
779000;;SUBMISSION;HYDROGEL_PACK;XIREC;10009.0;4
779400;SUBMISSION;;VELVETFRUIT_EXTRACT;XIREC;5251.0;17
779400;SUBMISSION;;VELVETFRUIT_EXTRACT;XIREC;5252.0;45
779500;SUBMISSION;;VELVETFRUIT_EXTRACT;XIREC;5252.0;62
779600;SUBMISSION;;VEV_5400;XIREC;17.0;4
779600;SUBMISSION;;VEV_5500;XIREC;8.0;4
779600;;;VEV_6000;XIREC;0.0;4
779600;;;VEV_6500;XIREC;0.0;4
779700;SUBMISSION;;VELVETFRUIT_EXTRACT;XIREC;5252.0;65
780100;;SUBMISSION;HYDROGEL_PACK;XIREC;10019.0;4
780200;SUBMISSION;;VELVETFRUIT_EXTRACT;XIREC;5252.0;21
780300;SUBMISSION;;VELVETFRUIT_EXTRACT;XIREC;5251.0;61
780400;SUBMISSION;;VELVETFRUIT_EXTRACT;XIREC;5251.0;24
780400;SUBMISSION;;VELVETFRUIT_EXTRACT;XIREC;5252.0;32
780500;SUBMISSION;;VELVETFRUIT_EXTRACT;XIREC;5252.0;71
780600;SUBMISSION;;VELVETFRUIT_EXTRACT;XIREC;5250.0;2
780900;;;VEV_4000;XIREC;1258.0;2
781500;;;VELVETFRUIT_EXTRACT;XIREC;5247.0;7
783500;;SUBMISSION;VELVETFRUIT_EXTRACT;XIREC;5248.0;7
783600;SUBMISSION;;VELVETFRUIT_EXTRACT;XIREC;5246.0;7
784600;;;VELVETFRUIT_EXTRACT;XIREC;5244.0;8
785300;SUBMISSION;;HYDROGEL_PACK;XIREC;9986.0;6
787300;SUBMISSION;;VEV_4000;XIREC;1242.0;3
791300;SUBMISSION;;VEV_5400;XIREC;15.0;3
791300;SUBMISSION;;VEV_5500;XIREC;7.0;3
791300;;;VEV_6000;XIREC;0.0;3
791300;;;VEV_6500;XIREC;0.0;3
792300;;;VELVETFRUIT_EXTRACT;XIREC;5239.0;5
793000;;SUBMISSION;VELVETFRUIT_EXTRACT;XIREC;5246.0;6
793100;SUBMISSION;;VELVETFRUIT_EXTRACT;XIREC;5247.0;6
793800;;SUBMISSION;HYDROGEL_PACK;XIREC;10012.0;4
793900;;;VELVETFRUIT_EXTRACT;XIREC;5241.0;6
794900;SUBMISSION;;HYDROGEL_PACK;XIREC;9992.0;4
795700;SUBMISSION;;HYDROGEL_PACK;XIREC;9983.0;4
796800;;SUBMISSION;VELVETFRUIT_EXTRACT;XIREC;5241.0;7
796900;SUBMISSION;;VELVETFRUIT_EXTRACT;XIREC;5242.0;7
797900;;;VELVETFRUIT_EXTRACT;XIREC;5241.0;5
798400;;SUBMISSION;VELVETFRUIT_EXTRACT;XIREC;5245.0;5
798500;SUBMISSION;;VELVETFRUIT_EXTRACT;XIREC;5244.0;5
799200;;SUBMISSION;HYDROGEL_PACK;XIREC;10004.0;6
799800;;;VELVETFRUIT_EXTRACT;XIREC;5245.0;6
800600;;;VELVETFRUIT_EXTRACT;XIREC;5247.0;4
802300;SUBMISSION;;HYDROGEL_PACK;XIREC;9985.0;2
802300;;SUBMISSION;VEV_4000;XIREC;1256.0;2
802400;;SUBMISSION;HYDROGEL_PACK;XIREC;9996.0;6
804800;SUBMISSION;;HYDROGEL_PACK;XIREC;9981.0;4
805000;;SUBMISSION;HYDROGEL_PACK;XIREC;9997.0;5
805900;SUBMISSION;;HYDROGEL_PACK;XIREC;9978.0;3
806000;;SUBMISSION;HYDROGEL_PACK;XIREC;9992.0;5
806200;SUBMISSION;;HYDROGEL_PACK;XIREC;9976.0;4
807100;;SUBMISSION;VELVETFRUIT_EXTRACT;XIREC;5244.0;8
807200;SUBMISSION;;VELVETFRUIT_EXTRACT;XIREC;5247.0;8
808600;;SUBMISSION;VEV_4000;XIREC;1247.0;1
809500;;;VELVETFRUIT_EXTRACT;XIREC;5242.0;5
810000;SUBMISSION;;VEV_5300;XIREC;47.0;5
810000;SUBMISSION;;VEV_5400;XIREC;15.0;5
810000;;;VEV_6000;XIREC;0.0;5
810000;;;VEV_6500;XIREC;0.0;5
810200;SUBMISSION;;HYDROGEL_PACK;XIREC;9970.0;5
810600;;;VELVETFRUIT_EXTRACT;XIREC;5247.0;4
812700;;SUBMISSION;VELVETFRUIT_EXTRACT;XIREC;5249.0;7
815500;SUBMISSION;;VELVETFRUIT_EXTRACT;XIREC;5250.0;7
816900;;SUBMISSION;VELVETFRUIT_EXTRACT;XIREC;5255.0;5
818500;;SUBMISSION;VELVETFRUIT_EXTRACT;XIREC;5255.0;3
819500;;SUBMISSION;VELVETFRUIT_EXTRACT;XIREC;5250.0;14
819800;;;VEV_4000;XIREC;1266.0;2
821700;;SUBMISSION;VELVETFRUIT_EXTRACT;XIREC;5255.0;8
822000;SUBMISSION;;VELVETFRUIT_EXTRACT;XIREC;5254.0;8
822400;SUBMISSION;;VELVETFRUIT_EXTRACT;XIREC;5251.0;8
822700;;SUBMISSION;VELVETFRUIT_EXTRACT;XIREC;5255.0;10
824000;;SUBMISSION;HYDROGEL_PACK;XIREC;9984.0;6
824500;SUBMISSION;;VELVETFRUIT_EXTRACT;XIREC;5247.0;10
824700;;SUBMISSION;VELVETFRUIT_EXTRACT;XIREC;5248.0;8
825100;SUBMISSION;;VELVETFRUIT_EXTRACT;XIREC;5245.0;10
825100;SUBMISSION;;VELVETFRUIT_EXTRACT;XIREC;5248.0;12
825200;;;VELVETFRUIT_EXTRACT;XIREC;5244.0;3
825600;;SUBMISSION;HYDROGEL_PACK;XIREC;9986.0;5
827000;;SUBMISSION;VELVETFRUIT_EXTRACT;XIREC;5256.0;8
829700;;;VEV_4000;XIREC;1272.0;2
830800;;;VEV_4000;XIREC;1269.0;3
830900;SUBMISSION;;VELVETFRUIT_EXTRACT;XIREC;5255.0;7
831400;;SUBMISSION;VELVETFRUIT_EXTRACT;XIREC;5257.0;8
831800;;;VEV_4000;XIREC;1266.0;2
832500;;SUBMISSION;VELVETFRUIT_EXTRACT;XIREC;5255.0;14
832700;;SUBMISSION;HYDROGEL_PACK;XIREC;9994.0;2
832900;;SUBMISSION;HYDROGEL_PACK;XIREC;9990.0;5
835500;SUBMISSION;;VEV_5300;XIREC;50.0;5
835500;SUBMISSION;;VEV_5400;XIREC;17.0;5
835500;SUBMISSION;;VEV_5500;XIREC;8.0;5
835500;;;VEV_6000;XIREC;0.0;5
835500;;;VEV_6500;XIREC;0.0;5
836300;SUBMISSION;;VELVETFRUIT_EXTRACT;XIREC;5253.0;7
838200;;SUBMISSION;VELVETFRUIT_EXTRACT;XIREC;5258.0;6
838500;;SUBMISSION;VELVETFRUIT_EXTRACT;XIREC;5255.0;5
838800;;SUBMISSION;VELVETFRUIT_EXTRACT;XIREC;5258.0;5
840700;;SUBMISSION;VELVETFRUIT_EXTRACT;XIREC;5260.0;13
841500;SUBMISSION;;HYDROGEL_PACK;XIREC;9984.0;2
841600;SUBMISSION;;VEV_4000;XIREC;1251.0;3
841900;;SUBMISSION;VELVETFRUIT_EXTRACT;XIREC;5258.0;3
842800;;SUBMISSION;VELVETFRUIT_EXTRACT;XIREC;5255.0;8
842900;SUBMISSION;;VEV_5300;XIREC;50.0;5
842900;SUBMISSION;;VEV_5400;XIREC;17.0;5
842900;SUBMISSION;;VEV_5500;XIREC;8.0;5
842900;;;VEV_6000;XIREC;0.0;5
842900;;;VEV_6500;XIREC;0.0;5
843000;;SUBMISSION;HYDROGEL_PACK;XIREC;10015.0;3
844000;;SUBMISSION;VELVETFRUIT_EXTRACT;XIREC;5253.0;7
844600;;SUBMISSION;HYDROGEL_PACK;XIREC;10005.0;4
845100;SUBMISSION;;VEV_5500;XIREC;8.0;5
845100;;;VEV_6000;XIREC;0.0;5
845100;;;VEV_6500;XIREC;0.0;5
847900;SUBMISSION;;VEV_4000;XIREC;1253.0;3
850400;;SUBMISSION;HYDROGEL_PACK;XIREC;10013.0;6
851700;SUBMISSION;;VELVETFRUIT_EXTRACT;XIREC;5253.0;4
852400;SUBMISSION;;HYDROGEL_PACK;XIREC;9999.0;2
852600;SUBMISSION;;VEV_4000;XIREC;1248.0;1
852800;SUBMISSION;;VELVETFRUIT_EXTRACT;XIREC;5252.0;7
853800;;SUBMISSION;VEV_4000;XIREC;1260.0;1
856600;SUBMISSION;;VELVETFRUIT_EXTRACT;XIREC;5258.0;10
859100;SUBMISSION;;HYDROGEL_PACK;XIREC;10012.0;6
859100;SUBMISSION;;VEV_5300;XIREC;49.0;2
859100;SUBMISSION;;VEV_5400;XIREC;17.0;2
859100;SUBMISSION;;VEV_5500;XIREC;8.0;2
859100;;;VEV_6000;XIREC;0.0;2
859100;;;VEV_6500;XIREC;0.0;2
859300;SUBMISSION;;VEV_5300;XIREC;50.0;2
859300;SUBMISSION;;VEV_5400;XIREC;18.0;2
859300;SUBMISSION;;VEV_5500;XIREC;8.0;2
859300;;;VEV_6000;XIREC;0.0;2
859300;;;VEV_6500;XIREC;0.0;2
859700;SUBMISSION;;HYDROGEL_PACK;XIREC;10007.0;4
860200;SUBMISSION;;VELVETFRUIT_EXTRACT;XIREC;5252.0;8
860500;;SUBMISSION;HYDROGEL_PACK;XIREC;10015.0;4
860700;SUBMISSION;;VELVETFRUIT_EXTRACT;XIREC;5252.0;10
861800;;SUBMISSION;VELVETFRUIT_EXTRACT;XIREC;5255.0;3
862100;SUBMISSION;;HYDROGEL_PACK;XIREC;10000.0;5
862100;;SUBMISSION;VEV_4000;XIREC;1256.0;3
862200;SUBMISSION;;VELVETFRUIT_EXTRACT;XIREC;5252.0;25
862300;SUBMISSION;;VELVETFRUIT_EXTRACT;XIREC;5250.0;2
862500;SUBMISSION;;VEV_5400;XIREC;17.0;2
862500;SUBMISSION;;VEV_5500;XIREC;7.0;2
862500;;;VEV_6000;XIREC;0.0;2
862500;;;VEV_6500;XIREC;0.0;2
863700;;SUBMISSION;VELVETFRUIT_EXTRACT;XIREC;5254.0;5
864500;SUBMISSION;;VELVETFRUIT_EXTRACT;XIREC;5251.0;5
864800;SUBMISSION;;HYDROGEL_PACK;XIREC;10001.0;6
864800;;SUBMISSION;VEV_4000;XIREC;1253.0;3
864900;;SUBMISSION;VELVETFRUIT_EXTRACT;XIREC;5250.0;7
866200;SUBMISSION;;VELVETFRUIT_EXTRACT;XIREC;5256.0;3
867200;;SUBMISSION;HYDROGEL_PACK;XIREC;10019.0;3
868000;SUBMISSION;;HYDROGEL_PACK;XIREC;10005.0;3
868200;SUBMISSION;;HYDROGEL_PACK;XIREC;10008.0;2
869000;SUBMISSION;;VELVETFRUIT_EXTRACT;XIREC;5266.0;4
869000;;;VELVETFRUIT_EXTRACT;XIREC;5265.0;1
869500;SUBMISSION;;VEV_4000;XIREC;1264.0;1
870200;;SUBMISSION;VELVETFRUIT_EXTRACT;XIREC;5270.0;6
870200;;SUBMISSION;VEV_4000;XIREC;1274.0;1
870200;;;VEV_4000;XIREC;1279.0;2
871100;;SUBMISSION;VELVETFRUIT_EXTRACT;XIREC;5269.0;4
871200;;SUBMISSION;VELVETFRUIT_EXTRACT;XIREC;5264.0;9
873100;;SUBMISSION;HYDROGEL_PACK;XIREC;10011.0;3
873700;SUBMISSION;;VEV_5500;XIREC;9.0;4
873700;;;VEV_6000;XIREC;0.0;4
873700;;;VEV_6500;XIREC;0.0;4
874800;SUBMISSION;;HYDROGEL_PACK;XIREC;9991.0;4
875600;;;VEV_4000;XIREC;1268.0;1
876100;SUBMISSION;;HYDROGEL_PACK;XIREC;9990.0;6
878600;;SUBMISSION;VELVETFRUIT_EXTRACT;XIREC;5259.0;5
880800;;SUBMISSION;VELVETFRUIT_EXTRACT;XIREC;5257.0;5
882600;SUBMISSION;;VELVETFRUIT_EXTRACT;XIREC;5251.0;10
882600;;SUBMISSION;VELVETFRUIT_EXTRACT;XIREC;5251.0;10
882800;SUBMISSION;;VELVETFRUIT_EXTRACT;XIREC;5249.0;8
882900;SUBMISSION;;VELVETFRUIT_EXTRACT;XIREC;5253.0;21
883900;SUBMISSION;;HYDROGEL_PACK;XIREC;10016.0;3
884000;SUBMISSION;;VEV_5400;XIREC;17.0;5
884000;SUBMISSION;;VEV_5500;XIREC;8.0;5
884000;;;VEV_6000;XIREC;0.0;5
884000;;;VEV_6500;XIREC;0.0;5
884500;SUBMISSION;;HYDROGEL_PACK;XIREC;10018.0;2
885300;SUBMISSION;;HYDROGEL_PACK;XIREC;10020.0;5
885400;;;VEV_4000;XIREC;1263.0;1
885800;;;VELVETFRUIT_EXTRACT;XIREC;5250.0;5
886200;;SUBMISSION;HYDROGEL_PACK;XIREC;10038.0;5
886700;;SUBMISSION;VELVETFRUIT_EXTRACT;XIREC;5252.0;6
886700;SUBMISSION;;VEV_4000;XIREC;1247.0;2
887200;SUBMISSION;;VELVETFRUIT_EXTRACT;XIREC;5250.0;6
889300;;SUBMISSION;HYDROGEL_PACK;XIREC;10047.0;3
890900;;SUBMISSION;VEV_4000;XIREC;1259.0;2
890900;;;VEV_4000;XIREC;1264.0;1
891000;;;VEV_4000;XIREC;1265.0;1
891400;;;VELVETFRUIT_EXTRACT;XIREC;5255.0;6
891500;SUBMISSION;;VEV_4000;XIREC;1253.0;3
893500;;;VELVETFRUIT_EXTRACT;XIREC;5254.0;3
893800;;SUBMISSION;VELVETFRUIT_EXTRACT;XIREC;5253.0;5
895100;;SUBMISSION;VELVETFRUIT_EXTRACT;XIREC;5255.0;5
895800;;;VEV_6000;XIREC;0.0;3
895800;;;VEV_6500;XIREC;0.0;3
898300;SUBMISSION;;VELVETFRUIT_EXTRACT;XIREC;5260.0;8
898800;SUBMISSION;;HYDROGEL_PACK;XIREC;10003.0;5
899800;SUBMISSION;;VEV_4000;XIREC;1253.0;3
902100;SUBMISSION;;VELVETFRUIT_EXTRACT;XIREC;5253.0;2
904700;;;VELVETFRUIT_EXTRACT;XIREC;5239.0;7
908000;;SUBMISSION;HYDROGEL_PACK;XIREC;9979.0;4
908800;;;VELVETFRUIT_EXTRACT;XIREC;5243.0;7
909100;;;VELVETFRUIT_EXTRACT;XIREC;5243.0;3
910400;;;VELVETFRUIT_EXTRACT;XIREC;5247.0;5
910900;SUBMISSION;;HYDROGEL_PACK;XIREC;9974.0;5
912300;SUBMISSION;;HYDROGEL_PACK;XIREC;9976.0;2
912400;SUBMISSION;;VEV_5300;XIREC;52.0;4
912400;;;VEV_6000;XIREC;0.0;4
912400;;;VEV_6500;XIREC;0.0;4
912800;;;VELVETFRUIT_EXTRACT;XIREC;5259.0;5
913400;;SUBMISSION;VELVETFRUIT_EXTRACT;XIREC;5266.0;5
913800;SUBMISSION;;VELVETFRUIT_EXTRACT;XIREC;5261.0;5
913800;;;VELVETFRUIT_EXTRACT;XIREC;5260.0;2
914400;;;VELVETFRUIT_EXTRACT;XIREC;5256.0;7
914600;SUBMISSION;;VEV_4000;XIREC;1254.0;2
915000;;;VELVETFRUIT_EXTRACT;XIREC;5257.0;7
916300;;SUBMISSION;VELVETFRUIT_EXTRACT;XIREC;5258.0;6
916900;SUBMISSION;;VEV_4000;XIREC;1251.0;1
917000;SUBMISSION;;HYDROGEL_PACK;XIREC;9960.0;3
917000;;SUBMISSION;VELVETFRUIT_EXTRACT;XIREC;5258.0;4
918600;SUBMISSION;;HYDROGEL_PACK;XIREC;9963.0;5
919500;SUBMISSION;;VEV_5400;XIREC;18.0;4
919500;SUBMISSION;;VEV_5500;XIREC;8.0;4
919500;;;VEV_6000;XIREC;0.0;4
919500;;;VEV_6500;XIREC;0.0;4
920500;SUBMISSION;;VELVETFRUIT_EXTRACT;XIREC;5256.0;8
920600;SUBMISSION;;VELVETFRUIT_EXTRACT;XIREC;5255.0;2
920600;;;VELVETFRUIT_EXTRACT;XIREC;5254.0;5
920900;;SUBMISSION;HYDROGEL_PACK;XIREC;9986.0;6
922000;;;VELVETFRUIT_EXTRACT;XIREC;5260.0;6
922400;SUBMISSION;;HYDROGEL_PACK;XIREC;9972.0;6
923100;;SUBMISSION;HYDROGEL_PACK;XIREC;9994.0;5
923400;SUBMISSION;;VEV_4000;XIREC;1263.0;3
924000;;SUBMISSION;HYDROGEL_PACK;XIREC;9988.0;6
924100;;SUBMISSION;VEV_4000;XIREC;1262.0;7
924400;;SUBMISSION;VELVETFRUIT_EXTRACT;XIREC;5272.0;17
924400;;SUBMISSION;VELVETFRUIT_EXTRACT;XIREC;5271.0;32
924600;;SUBMISSION;VELVETFRUIT_EXTRACT;XIREC;5272.0;22
924600;;SUBMISSION;VELVETFRUIT_EXTRACT;XIREC;5271.0;10
924900;;SUBMISSION;HYDROGEL_PACK;XIREC;9996.0;6
924900;;SUBMISSION;VELVETFRUIT_EXTRACT;XIREC;5273.0;58
924900;;SUBMISSION;VEV_5300;XIREC;58.0;20
925000;;SUBMISSION;VELVETFRUIT_EXTRACT;XIREC;5274.0;59
925000;;SUBMISSION;VEV_5300;XIREC;59.0;3
925100;;SUBMISSION;VELVETFRUIT_EXTRACT;XIREC;5274.0;17
925100;;SUBMISSION;VELVETFRUIT_EXTRACT;XIREC;5273.0;34
925100;;SUBMISSION;VELVETFRUIT_EXTRACT;XIREC;5278.0;4
925200;;SUBMISSION;VELVETFRUIT_EXTRACT;XIREC;5273.0;63
925200;;SUBMISSION;VELVETFRUIT_EXTRACT;XIREC;5278.0;4
925300;;SUBMISSION;VELVETFRUIT_EXTRACT;XIREC;5274.0;19
925300;;SUBMISSION;VELVETFRUIT_EXTRACT;XIREC;5273.0;49
925600;;SUBMISSION;VELVETFRUIT_EXTRACT;XIREC;5273.0;6
925800;;SUBMISSION;VEV_4000;XIREC;1279.0;3
927500;;SUBMISSION;VELVETFRUIT_EXTRACT;XIREC;5274.0;6
928400;;SUBMISSION;HYDROGEL_PACK;XIREC;10007.0;6
928800;SUBMISSION;;VELVETFRUIT_EXTRACT;XIREC;5274.0;5
930100;;SUBMISSION;VEV_4000;XIREC;1276.0;2
930900;SUBMISSION;;VELVETFRUIT_EXTRACT;XIREC;5265.0;6
932300;SUBMISSION;;VEV_4000;XIREC;1261.0;2
932600;SUBMISSION;;VELVETFRUIT_EXTRACT;XIREC;5263.0;8
932900;SUBMISSION;;HYDROGEL_PACK;XIREC;9995.0;3
933200;;SUBMISSION;VELVETFRUIT_EXTRACT;XIREC;5265.0;4
934000;SUBMISSION;;VEV_4000;XIREC;1256.0;2
935100;SUBMISSION;;VELVETFRUIT_EXTRACT;XIREC;5260.0;4
936200;SUBMISSION;;VELVETFRUIT_EXTRACT;XIREC;5258.0;7
937400;;SUBMISSION;VELVETFRUIT_EXTRACT;XIREC;5264.0;3
937600;SUBMISSION;;VELVETFRUIT_EXTRACT;XIREC;5259.0;3
937800;SUBMISSION;;VEV_4000;XIREC;1253.0;1
938300;SUBMISSION;;VELVETFRUIT_EXTRACT;XIREC;5255.0;4
938600;SUBMISSION;;VELVETFRUIT_EXTRACT;XIREC;5255.0;6
939100;SUBMISSION;;HYDROGEL_PACK;XIREC;9995.0;5
939200;SUBMISSION;;VELVETFRUIT_EXTRACT;XIREC;5255.0;62
939400;SUBMISSION;;VELVETFRUIT_EXTRACT;XIREC;5255.0;58
939400;;SUBMISSION;VELVETFRUIT_EXTRACT;XIREC;5254.0;8
939500;SUBMISSION;;VELVETFRUIT_EXTRACT;XIREC;5254.0;64
939800;SUBMISSION;;VELVETFRUIT_EXTRACT;XIREC;5255.0;22
940000;;SUBMISSION;VEV_4000;XIREC;1259.0;1
940200;SUBMISSION;;VELVETFRUIT_EXTRACT;XIREC;5255.0;20
940300;SUBMISSION;;VELVETFRUIT_EXTRACT;XIREC;5255.0;15
940400;SUBMISSION;;VELVETFRUIT_EXTRACT;XIREC;5255.0;18
940700;;SUBMISSION;HYDROGEL_PACK;XIREC;10007.0;3
940700;SUBMISSION;;VELVETFRUIT_EXTRACT;XIREC;5255.0;25
940800;SUBMISSION;;VELVETFRUIT_EXTRACT;XIREC;5254.0;25
940800;SUBMISSION;;VELVETFRUIT_EXTRACT;XIREC;5255.0;37
940900;SUBMISSION;;VELVETFRUIT_EXTRACT;XIREC;5253.0;26
941200;SUBMISSION;;VEV_5400;XIREC;17.0;2
941200;;;VEV_6000;XIREC;0.0;2
941200;;;VEV_6500;XIREC;0.0;2
941400;;SUBMISSION;VEV_4000;XIREC;1256.0;2
942000;;SUBMISSION;HYDROGEL_PACK;XIREC;10009.0;2
943300;SUBMISSION;;HYDROGEL_PACK;XIREC;9998.0;3
944100;SUBMISSION;;HYDROGEL_PACK;XIREC;9999.0;4
945000;SUBMISSION;;VEV_4000;XIREC;1241.0;2
946400;;SUBMISSION;VEV_4000;XIREC;1250.0;2
946600;SUBMISSION;;VEV_5300;XIREC;45.0;4
946600;SUBMISSION;;VEV_5500;XIREC;7.0;4
946600;;;VEV_6000;XIREC;0.0;4
946600;;;VEV_6500;XIREC;0.0;4
947500;;SUBMISSION;VELVETFRUIT_EXTRACT;XIREC;5242.0;8
947600;SUBMISSION;;VELVETFRUIT_EXTRACT;XIREC;5247.0;8
947800;SUBMISSION;;VEV_5200;XIREC;95.0;5
947800;SUBMISSION;;VEV_5400;XIREC;16.0;5
947800;SUBMISSION;;VEV_5500;XIREC;7.0;5
947800;;;VEV_6000;XIREC;0.0;5
947800;;;VEV_6500;XIREC;0.0;5
948900;SUBMISSION;;VEV_5400;XIREC;16.0;3
948900;SUBMISSION;;VEV_5500;XIREC;7.0;3
948900;;;VEV_6000;XIREC;0.0;3
948900;;;VEV_6500;XIREC;0.0;3
949500;;SUBMISSION;VELVETFRUIT_EXTRACT;XIREC;5245.0;6
949600;;SUBMISSION;HYDROGEL_PACK;XIREC;10014.0;4
949600;SUBMISSION;;VELVETFRUIT_EXTRACT;XIREC;5243.0;6
950000;SUBMISSION;;VEV_5300;XIREC;44.0;4
950000;SUBMISSION;;VEV_5400;XIREC;15.0;4
950000;;;VEV_6000;XIREC;0.0;4
950000;;;VEV_6500;XIREC;0.0;4
950300;SUBMISSION;;HYDROGEL_PACK;XIREC;9999.0;3
950600;;SUBMISSION;HYDROGEL_PACK;XIREC;10020.0;4
951600;;;VELVETFRUIT_EXTRACT;XIREC;5236.0;5
951800;SUBMISSION;;HYDROGEL_PACK;XIREC;10006.0;5
952000;;SUBMISSION;VELVETFRUIT_EXTRACT;XIREC;5241.0;7
952100;SUBMISSION;;VELVETFRUIT_EXTRACT;XIREC;5242.0;7
952800;SUBMISSION;;VEV_4000;XIREC;1235.0;1
954600;;SUBMISSION;VELVETFRUIT_EXTRACT;XIREC;5234.0;3
954700;SUBMISSION;;VELVETFRUIT_EXTRACT;XIREC;5235.0;3
955100;;;VELVETFRUIT_EXTRACT;XIREC;5226.0;8
955700;SUBMISSION;;VEV_5400;XIREC;14.0;10
955700;SUBMISSION;;VEV_5400;XIREC;15.0;14
956000;SUBMISSION;;VEV_5400;XIREC;14.0;19
956300;SUBMISSION;;VEV_5400;XIREC;14.0;26
956900;SUBMISSION;;VEV_5400;XIREC;14.0;21
957000;SUBMISSION;;HYDROGEL_PACK;XIREC;10015.0;3
957000;SUBMISSION;;VEV_5400;XIREC;14.0;19
958900;;;VELVETFRUIT_EXTRACT;XIREC;5228.0;7
960600;;;VELVETFRUIT_EXTRACT;XIREC;5231.0;5
961200;;;VELVETFRUIT_EXTRACT;XIREC;5230.0;8
963500;;;VELVETFRUIT_EXTRACT;XIREC;5236.0;3
965600;;SUBMISSION;VELVETFRUIT_EXTRACT;XIREC;5238.0;8
965700;SUBMISSION;;VELVETFRUIT_EXTRACT;XIREC;5241.0;8
968200;;;VELVETFRUIT_EXTRACT;XIREC;5232.0;6
969800;;SUBMISSION;VELVETFRUIT_EXTRACT;XIREC;5231.0;8
969900;SUBMISSION;;VELVETFRUIT_EXTRACT;XIREC;5232.0;8
970100;SUBMISSION;;VEV_5400;XIREC;14.0;26
970200;SUBMISSION;;VEV_5400;XIREC;14.0;21
970300;SUBMISSION;;VEV_5100;XIREC;152.0;21
970300;SUBMISSION;;VEV_5200;XIREC;85.0;21
970300;SUBMISSION;;VEV_5300;XIREC;40.0;9
970300;SUBMISSION;;VEV_5300;XIREC;41.0;17
970300;SUBMISSION;;VEV_5400;XIREC;14.0;26
970400;SUBMISSION;;VEV_5100;XIREC;152.0;10
970400;SUBMISSION;;VEV_5100;XIREC;153.0;20
970400;SUBMISSION;;VEV_5400;XIREC;14.0;24
970500;SUBMISSION;;VEV_5100;XIREC;152.0;9
970500;SUBMISSION;;VEV_5100;XIREC;153.0;13
970500;SUBMISSION;;VEV_5400;XIREC;14.0;19
970600;SUBMISSION;;VEV_5100;XIREC;152.0;30
970600;SUBMISSION;;VEV_5200;XIREC;85.0;30
970600;SUBMISSION;;VEV_5400;XIREC;14.0;20
970700;SUBMISSION;;VEV_5100;XIREC;152.0;30
970700;SUBMISSION;;VEV_5200;XIREC;85.0;30
970900;SUBMISSION;;VEV_5100;XIREC;152.0;9
970900;SUBMISSION;;VEV_5100;XIREC;153.0;20
971000;SUBMISSION;;VEV_5100;XIREC;152.0;30
971000;SUBMISSION;;VEV_5200;XIREC;85.0;30
971000;SUBMISSION;;VEV_5300;XIREC;40.0;10
971000;SUBMISSION;;VEV_5300;XIREC;41.0;13
971100;SUBMISSION;;VEV_5100;XIREC;151.0;7
971100;SUBMISSION;;VEV_5100;XIREC;152.0;14
971100;SUBMISSION;;VEV_5200;XIREC;85.0;21
971100;SUBMISSION;;VEV_5300;XIREC;40.0;26
971300;;SUBMISSION;VELVETFRUIT_EXTRACT;XIREC;5228.0;3
971400;SUBMISSION;;VELVETFRUIT_EXTRACT;XIREC;5230.0;3
971600;;;VELVETFRUIT_EXTRACT;XIREC;5225.0;7
973400;;SUBMISSION;HYDROGEL_PACK;XIREC;10032.0;4
975800;;SUBMISSION;HYDROGEL_PACK;XIREC;10026.0;5
976600;;;VELVETFRUIT_EXTRACT;XIREC;5231.0;7
976800;;SUBMISSION;HYDROGEL_PACK;XIREC;10022.0;6
977200;;SUBMISSION;HYDROGEL_PACK;XIREC;10020.0;5
978300;;SUBMISSION;VELVETFRUIT_EXTRACT;XIREC;5240.0;5
978400;SUBMISSION;;VELVETFRUIT_EXTRACT;XIREC;5240.0;5
980400;SUBMISSION;;HYDROGEL_PACK;XIREC;9997.0;2
980400;;;VELVETFRUIT_EXTRACT;XIREC;5239.0;8
983900;;SUBMISSION;VEV_4000;XIREC;1248.0;3
984900;;;VELVETFRUIT_EXTRACT;XIREC;5239.0;4
985800;;;VELVETFRUIT_EXTRACT;XIREC;5239.0;5
986900;;SUBMISSION;VELVETFRUIT_EXTRACT;XIREC;5249.0;8
989200;;SUBMISSION;VELVETFRUIT_EXTRACT;XIREC;5246.0;8
989700;SUBMISSION;;VEV_4000;XIREC;1239.0;2
989900;SUBMISSION;;VELVETFRUIT_EXTRACT;XIREC;5246.0;16
989900;;;VELVETFRUIT_EXTRACT;XIREC;5241.0;4
990100;;SUBMISSION;VEV_4000;XIREC;1249.0;2
990400;SUBMISSION;;HYDROGEL_PACK;XIREC;9989.0;4
991100;;SUBMISSION;VELVETFRUIT_EXTRACT;XIREC;5244.0;13
991900;SUBMISSION;;VELVETFRUIT_EXTRACT;XIREC;5245.0;13
994300;SUBMISSION;;VEV_5300;XIREC;46.0;3
994300;SUBMISSION;;VEV_5400;XIREC;16.0;3
994300;SUBMISSION;;VEV_5500;XIREC;7.0;3
994300;;;VEV_6000;XIREC;0.0;3
994300;;;VEV_6500;XIREC;0.0;3
997000;SUBMISSION;;HYDROGEL_PACK;XIREC;9978.0;5
997200;;;VEV_4000;XIREC;1255.0;3
997900;;;VEV_4000;XIREC;1255.0;2
999000;;;VEV_4000;XIREC;1253.0;1
999900;;SUBMISSION;HYDROGEL_PACK;XIREC;9965.0;5
