timestamp,buyer,seller,symbol,currency,price,quantity
900,,,VELVETFRUIT_EXTRACT,XIREC,5262.0,8
1300,SUBMISSION,,VEV_4000,XIREC,1256.0,3
2500,,SUBMISSION,VELVETFRUIT_EXTRACT,XIREC,5270.0,15
2500,,SUBMISSION,VELVETFRUIT_EXTRACT,XIREC,5269.0,38
2600,,SUBMISSION,VELVETFRUIT_EXTRACT,XIREC,5270.0,74
2700,,,VELVETFRUIT_EXTRACT,XIREC,5269.0,8
2900,,SUBMISSION,VELVETFRUIT_EXTRACT,XIREC,5271.0,8
3000,,SUBMISSION,HYDROGEL_PACK,XIREC,10019.0,13
3100,,SUBMISSION,HYDROGEL_PACK,XIREC,10019.0,10
3200,,SUBMISSION,HYDROGEL_PACK,XIREC,10022.0,12
3300,,SUBMISSION,HYDROGEL_PACK,XIREC,10021.0,12
3400,,SUBMISSION,HYDROGEL_PACK,XIREC,10023.0,11
3400,,SUBMISSION,HYDROGEL_PACK,XIREC,10021.0,25
3400,,SUBMISSION,VELVETFRUIT_EXTRACT,XIREC,5272.0,24
3500,,SUBMISSION,HYDROGEL_PACK,XIREC,10021.0,10
3600,,SUBMISSION,HYDROGEL_PACK,XIREC,10022.0,10
4200,,SUBMISSION,HYDROGEL_PACK,XIREC,10022.0,10
4800,,SUBMISSION,VELVETFRUIT_EXTRACT,XIREC,5272.0,3
5500,,SUBMISSION,VELVETFRUIT_EXTRACT,XIREC,5273.0,38
5700,,,VELVETFRUIT_EXTRACT,XIREC,5273.0,5
9000,,SUBMISSION,VEV_4000,XIREC,1273.0,1
9900,SUBMISSION,,VELVETFRUIT_EXTRACT,XIREC,5262.0,5
10200,,,HYDROGEL_PACK,XIREC,10017.0,6
10700,,,VELVETFRUIT_EXTRACT,XIREC,5265.0,4
11200,,SUBMISSION,HYDROGEL_PACK,XIREC,10029.0,4
12100,,,VELVETFRUIT_EXTRACT,XIREC,5268.0,5
12600,SUBMISSION,,VELVETFRUIT_EXTRACT,XIREC,5265.0,3
13100,SUBMISSION,,VEV_5400,XIREC,16.0,3
13100,SUBMISSION,,VEV_5500,XIREC,6.0,3
13100,,,VEV_6000,XIREC,0.0,3
13100,,,VEV_6500,XIREC,0.0,3
13900,,,VELVETFRUIT_EXTRACT,XIREC,5269.0,4
15700,,SUBMISSION,HYDROGEL_PACK,XIREC,10034.0,2
16300,,,VELVETFRUIT_EXTRACT,XIREC,5275.0,5
17400,,SUBMISSION,VELVETFRUIT_EXTRACT,XIREC,5274.0,8
17400,,,VELVETFRUIT_EXTRACT,XIREC,5274.0,3
19100,,SUBMISSION,HYDROGEL_PACK,XIREC,10019.0,6
19700,SUBMISSION,,VELVETFRUIT_EXTRACT,XIREC,5266.0,13
20900,SUBMISSION,,VEV_5300,XIREC,53.0,5
20900,SUBMISSION,,VEV_5400,XIREC,17.0,5
20900,SUBMISSION,,VEV_5500,XIREC,7.0,5
20900,,,VEV_6000,XIREC,0.0,5
20900,,,VEV_6500,XIREC,0.0,5
23100,SUBMISSION,,VELVETFRUIT_EXTRACT,XIREC,5265.0,4
23500,SUBMISSION,,VEV_5400,XIREC,16.0,2
23500,SUBMISSION,,VEV_5500,XIREC,6.0,2
23500,,,VEV_6000,XIREC,0.0,2
23500,,,VEV_6500,XIREC,0.0,2
25000,SUBMISSION,,HYDROGEL_PACK,XIREC,9998.0,14
25000,SUBMISSION,,HYDROGEL_PACK,XIREC,10000.0,25
25200,SUBMISSION,,HYDROGEL_PACK,XIREC,9996.0,10
25200,SUBMISSION,,HYDROGEL_PACK,XIREC,9999.0,24
25300,SUBMISSION,,HYDROGEL_PACK,XIREC,9995.0,11
25300,SUBMISSION,,HYDROGEL_PACK,XIREC,9997.0,28
25400,SUBMISSION,,HYDROGEL_PACK,XIREC,9995.0,14
25400,SUBMISSION,,HYDROGEL_PACK,XIREC,9998.0,28
25500,SUBMISSION,,HYDROGEL_PACK,XIREC,9994.0,11
25500,SUBMISSION,,HYDROGEL_PACK,XIREC,9997.0,22
25500,SUBMISSION,,VELVETFRUIT_EXTRACT,XIREC,5265.0,6
25600,SUBMISSION,,HYDROGEL_PACK,XIREC,9994.0,14
25600,SUBMISSION,,HYDROGEL_PACK,XIREC,9996.0,24
25700,SUBMISSION,,HYDROGEL_PACK,XIREC,9992.0,14
25700,SUBMISSION,,HYDROGEL_PACK,XIREC,9994.0,21
25800,SUBMISSION,,HYDROGEL_PACK,XIREC,9992.0,15
25800,SUBMISSION,,HYDROGEL_PACK,XIREC,9994.0,20
25900,SUBMISSION,,HYDROGEL_PACK,XIREC,9994.0,12
25900,SUBMISSION,,HYDROGEL_PACK,XIREC,9997.0,11
26500,,SUBMISSION,VELVETFRUIT_EXTRACT,XIREC,5268.0,6
26700,SUBMISSION,,HYDROGEL_PACK,XIREC,9993.0,3
26800,SUBMISSION,,HYDROGEL_PACK,XIREC,9987.0,3
29200,,,HYDROGEL_PACK,XIREC,9993.0,4
29500,SUBMISSION,,VEV_5400,XIREC,16.0,2
29500,SUBMISSION,,VEV_5500,XIREC,6.0,2
29500,,,VEV_6000,XIREC,0.0,2
29500,,,VEV_6500,XIREC,0.0,2
32500,,,VELVETFRUIT_EXTRACT,XIREC,5266.0,4
33300,,SUBMISSION,VELVETFRUIT_EXTRACT,XIREC,5270.0,6
33300,,,VELVETFRUIT_EXTRACT,XIREC,5271.0,1
34100,,SUBMISSION,VEV_4000,XIREC,1277.0,1
35700,,SUBMISSION,VELVETFRUIT_EXTRACT,XIREC,5269.0,2
35700,,,VELVETFRUIT_EXTRACT,XIREC,5270.0,1
35800,SUBMISSION,,VELVETFRUIT_EXTRACT,XIREC,5265.0,7
36100,,SUBMISSION,VELVETFRUIT_EXTRACT,XIREC,5270.0,4
38400,SUBMISSION,,VELVETFRUIT_EXTRACT,XIREC,5266.0,8
39500,SUBMISSION,,VEV_4000,XIREC,1259.0,2
41100,,,HYDROGEL_PACK,XIREC,9998.0,6
41700,,,VELVETFRUIT_EXTRACT,XIREC,5254.0,5
41900,SUBMISSION,,VELVETFRUIT_EXTRACT,XIREC,5253.0,19
41900,SUBMISSION,,VEV_5400,XIREC,13.0,2
41900,SUBMISSION,,VEV_5500,XIREC,5.0,2
41900,,,VEV_6000,XIREC,0.0,2
41900,,,VEV_6500,XIREC,0.0,2
42000,SUBMISSION,,VELVETFRUIT_EXTRACT,XIREC,5252.0,23
42000,SUBMISSION,,VELVETFRUIT_EXTRACT,XIREC,5253.0,44
42000,SUBMISSION,,VELVETFRUIT_EXTRACT,XIREC,5248.0,8
42900,SUBMISSION,,VEV_5400,XIREC,14.0,4
42900,SUBMISSION,,VEV_5500,XIREC,5.0,4
42900,,,VEV_6000,XIREC,0.0,4
42900,,,VEV_6500,XIREC,0.0,4
43000,SUBMISSION,,VELVETFRUIT_EXTRACT,XIREC,5251.0,8
44000,,,HYDROGEL_PACK,XIREC,9978.0,4
44200,SUBMISSION,,HYDROGEL_PACK,XIREC,9984.0,1
44700,SUBMISSION,,VELVETFRUIT_EXTRACT,XIREC,5256.0,8
44900,SUBMISSION,,VELVETFRUIT_EXTRACT,XIREC,5257.0,14
44900,SUBMISSION,,VELVETFRUIT_EXTRACT,XIREC,5257.0,1
44900,,,VELVETFRUIT_EXTRACT,XIREC,5257.0,13
45100,SUBMISSION,,VEV_5400,XIREC,15.0,5
45100,SUBMISSION,,VEV_5500,XIREC,5.0,5
45100,,,HYDROGEL_PACK,XIREC,9991.0,3
45100,,,VEV_6000,XIREC,0.0,5
45100,,,VEV_6500,XIREC,0.0,5
46800,SUBMISSION,,VELVETFRUIT_EXTRACT,XIREC,5257.0,8
48100,,,VELVETFRUIT_EXTRACT,XIREC,5261.0,7
48400,,,VELVETFRUIT_EXTRACT,XIREC,5258.0,5
49400,,,HYDROGEL_PACK,XIREC,9958.0,4
49800,,,HYDROGEL_PACK,XIREC,9960.0,3
50200,SUBMISSION,,VEV_4000,XIREC,1254.0,3
52600,,,VELVETFRUIT_EXTRACT,XIREC,5263.0,8
52900,SUBMISSION,,VEV_5500,XIREC,6.0,5
52900,,,VEV_6000,XIREC,0.0,5
52900,,,VEV_6500,XIREC,0.0,5
53200,,,VELVETFRUIT_EXTRACT,XIREC,5264.0,5
53600,SUBMISSION,,VELVETFRUIT_EXTRACT,XIREC,5258.0,5
55800,SUBMISSION,,VELVETFRUIT_EXTRACT,XIREC,5254.0,8
56600,SUBMISSION,,VELVETFRUIT_EXTRACT,XIREC,5251.0,8
56600,SUBMISSION,,VELVETFRUIT_EXTRACT,XIREC,5254.0,23
56600,SUBMISSION,,VELVETFRUIT_EXTRACT,XIREC,5255.0,2
57100,SUBMISSION,,VELVETFRUIT_EXTRACT,XIREC,5252.0,25
57100,SUBMISSION,,VELVETFRUIT_EXTRACT,XIREC,5253.0,43
57300,SUBMISSION,,VELVETFRUIT_EXTRACT,XIREC,5251.0,24
57300,SUBMISSION,,VELVETFRUIT_EXTRACT,XIREC,5252.0,34
57400,SUBMISSION,,VELVETFRUIT_EXTRACT,XIREC,5251.0,15
57400,SUBMISSION,,VELVETFRUIT_EXTRACT,XIREC,5252.0,35
57600,SUBMISSION,,VELVETFRUIT_EXTRACT,XIREC,5251.0,18
57600,SUBMISSION,,VELVETFRUIT_EXTRACT,XIREC,5252.0,4
58000,SUBMISSION,,VELVETFRUIT_EXTRACT,XIREC,5250.0,2
58300,,,HYDROGEL_PACK,XIREC,9963.0,6
59200,,,VELVETFRUIT_EXTRACT,XIREC,5244.0,8
60700,,,HYDROGEL_PACK,XIREC,9973.0,5
63800,,SUBMISSION,VEV_4000,XIREC,1257.0,3
64300,,,VELVETFRUIT_EXTRACT,XIREC,5249.0,3
67600,,SUBMISSION,VELVETFRUIT_EXTRACT,XIREC,5261.0,4
70000,,,VELVETFRUIT_EXTRACT,XIREC,5255.0,6
70400,,,VELVETFRUIT_EXTRACT,XIREC,5260.0,5
70900,,,HYDROGEL_PACK,XIREC,9994.0,2
71500,,,VELVETFRUIT_EXTRACT,XIREC,5251.0,4
71800,,,HYDROGEL_PACK,XIREC,9975.0,5
72700,,,HYDROGEL_PACK,XIREC,9988.0,3
73100,,,VELVETFRUIT_EXTRACT,XIREC,5256.0,7
73200,,,VELVETFRUIT_EXTRACT,XIREC,5254.0,5
75200,SUBMISSION,,VEV_5300,XIREC,46.0,4
75200,SUBMISSION,,VEV_5400,XIREC,14.0,4
75200,SUBMISSION,,VEV_5500,XIREC,5.0,4
75200,,,VEV_6000,XIREC,0.0,4
75200,,,VEV_6500,XIREC,0.0,4
76700,,,VELVETFRUIT_EXTRACT,XIREC,5258.0,4
78700,,,HYDROGEL_PACK,XIREC,9939.0,3
79300,SUBMISSION,,VEV_5300,XIREC,47.0,5
79300,SUBMISSION,,VEV_5400,XIREC,14.0,5
79300,SUBMISSION,,VEV_5500,XIREC,5.0,5
79300,,,VEV_6000,XIREC,0.0,5
79300,,,VEV_6500,XIREC,0.0,5
80800,,SUBMISSION,VEV_4000,XIREC,1269.0,1
82000,,SUBMISSION,VELVETFRUIT_EXTRACT,XIREC,5267.0,16
82000,,SUBMISSION,VELVETFRUIT_EXTRACT,XIREC,5266.0,45
82100,,SUBMISSION,VELVETFRUIT_EXTRACT,XIREC,5268.0,21
82100,,SUBMISSION,VELVETFRUIT_EXTRACT,XIREC,5267.0,46
82100,,SUBMISSION,VELVETFRUIT_EXTRACT,XIREC,5269.0,5
82200,,SUBMISSION,VELVETFRUIT_EXTRACT,XIREC,5269.0,66
82300,,SUBMISSION,VELVETFRUIT_EXTRACT,XIREC,5269.0,69
82400,,SUBMISSION,VELVETFRUIT_EXTRACT,XIREC,5270.0,15
82400,,SUBMISSION,VELVETFRUIT_EXTRACT,XIREC,5269.0,30
82500,,SUBMISSION,VELVETFRUIT_EXTRACT,XIREC,5268.0,23
82500,,SUBMISSION,VELVETFRUIT_EXTRACT,XIREC,5267.0,50
82600,,SUBMISSION,VELVETFRUIT_EXTRACT,XIREC,5269.0,9
83000,,,VELVETFRUIT_EXTRACT,XIREC,5271.0,6
84100,,,VELVETFRUIT_EXTRACT,XIREC,5272.0,8
84400,,,VELVETFRUIT_EXTRACT,XIREC,5273.0,5
84800,,,VELVETFRUIT_EXTRACT,XIREC,5276.0,5
85500,,,HYDROGEL_PACK,XIREC,9954.0,2
85500,,,VELVETFRUIT_EXTRACT,XIREC,5273.0,8
90100,,,HYDROGEL_PACK,XIREC,9931.0,3
91700,,,HYDROGEL_PACK,XIREC,9929.0,2
91700,,,VELVETFRUIT_EXTRACT,XIREC,5264.0,8
92600,,,VELVETFRUIT_EXTRACT,XIREC,5271.0,4
95100,,,VELVETFRUIT_EXTRACT,XIREC,5262.0,8
97200,,,VELVETFRUIT_EXTRACT,XIREC,5265.0,7
97400,SUBMISSION,,VELVETFRUIT_EXTRACT,XIREC,5259.0,5
97600,,,HYDROGEL_PACK,XIREC,9937.0,2
98600,SUBMISSION,,VEV_4000,XIREC,1260.0,1
99300,SUBMISSION,,VELVETFRUIT_EXTRACT,XIREC,5262.0,8
101800,,,HYDROGEL_PACK,XIREC,9984.0,3
102400,,,HYDROGEL_PACK,XIREC,9984.0,3
102600,SUBMISSION,,VEV_5400,XIREC,16.0,2
102600,SUBMISSION,,VEV_5500,XIREC,6.0,2
102600,,,VEV_6000,XIREC,0.0,2
102600,,,VEV_6500,XIREC,0.0,2
103300,SUBMISSION,,VEV_4000,XIREC,1259.0,1
103500,,,VELVETFRUIT_EXTRACT,XIREC,5263.0,8
103700,SUBMISSION,,VEV_4000,XIREC,1259.0,3
104500,,,HYDROGEL_PACK,XIREC,9984.0,2
105500,SUBMISSION,,VEV_5300,XIREC,47.0,5
105500,SUBMISSION,,VEV_5500,XIREC,5.0,5
105500,,,VEV_6000,XIREC,0.0,5
105500,,,VEV_6500,XIREC,0.0,5
106300,,,VELVETFRUIT_EXTRACT,XIREC,5262.0,7
108800,,SUBMISSION,VELVETFRUIT_EXTRACT,XIREC,5263.0,3
109100,SUBMISSION,,VEV_4000,XIREC,1259.0,1
109400,,,VELVETFRUIT_EXTRACT,XIREC,5266.0,6
109600,,,HYDROGEL_PACK,XIREC,9990.0,6
109800,,,VELVETFRUIT_EXTRACT,XIREC,5267.0,3
110500,,,VELVETFRUIT_EXTRACT,XIREC,5262.0,8
111300,,,VELVETFRUIT_EXTRACT,XIREC,5263.0,7
111900,SUBMISSION,,VEV_4000,XIREC,1257.0,2
112600,SUBMISSION,,VELVETFRUIT_EXTRACT,XIREC,5257.0,10
112600,SUBMISSION,,VELVETFRUIT_EXTRACT,XIREC,5257.0,5
112600,,,VELVETFRUIT_EXTRACT,XIREC,5257.0,5
114500,,,HYDROGEL_PACK,XIREC,9994.0,5
114700,,SUBMISSION,VEV_4000,XIREC,1264.0,2
116800,,SUBMISSION,VEV_4000,XIREC,1263.0,2
118100,,,VELVETFRUIT_EXTRACT,XIREC,5260.0,3
119100,SUBMISSION,,VELVETFRUIT_EXTRACT,XIREC,5253.0,20
119100,SUBMISSION,,VELVETFRUIT_EXTRACT,XIREC,5254.0,26
119300,SUBMISSION,,VELVETFRUIT_EXTRACT,XIREC,5252.0,23
119300,SUBMISSION,,VELVETFRUIT_EXTRACT,XIREC,5253.0,34
119400,SUBMISSION,,VELVETFRUIT_EXTRACT,XIREC,5251.0,24
119400,SUBMISSION,,VELVETFRUIT_EXTRACT,XIREC,5252.0,42
119500,SUBMISSION,,VELVETFRUIT_EXTRACT,XIREC,5251.0,21
119500,SUBMISSION,,VELVETFRUIT_EXTRACT,XIREC,5252.0,47
121500,,SUBMISSION,HYDROGEL_PACK,XIREC,10006.0,5
122900,SUBMISSION,,VELVETFRUIT_EXTRACT,XIREC,5259.0,8
123900,,SUBMISSION,HYDROGEL_PACK,XIREC,10008.0,10
124000,,SUBMISSION,HYDROGEL_PACK,XIREC,10009.0,14
124000,,SUBMISSION,HYDROGEL_PACK,XIREC,10007.0,30
124100,,SUBMISSION,HYDROGEL_PACK,XIREC,10010.0,13
124100,,SUBMISSION,HYDROGEL_PACK,XIREC,10007.0,22
124200,,SUBMISSION,HYDROGEL_PACK,XIREC,10010.0,11
124200,,SUBMISSION,HYDROGEL_PACK,XIREC,10007.0,21
124300,,SUBMISSION,HYDROGEL_PACK,XIREC,10012.0,12
124300,,SUBMISSION,HYDROGEL_PACK,XIREC,10009.0,29
124400,,SUBMISSION,HYDROGEL_PACK,XIREC,10010.0,10
124400,,SUBMISSION,HYDROGEL_PACK,XIREC,10007.0,28
124500,,SUBMISSION,HYDROGEL_PACK,XIREC,10009.0,11
124500,,SUBMISSION,HYDROGEL_PACK,XIREC,10006.0,29
124600,,SUBMISSION,HYDROGEL_PACK,XIREC,10008.0,12
124600,,SUBMISSION,HYDROGEL_PACK,XIREC,10006.0,26
124700,,SUBMISSION,HYDROGEL_PACK,XIREC,10010.0,12
124700,,SUBMISSION,HYDROGEL_PACK,XIREC,10007.0,22
124800,,SUBMISSION,HYDROGEL_PACK,XIREC,10007.0,11
124900,,SUBMISSION,HYDROGEL_PACK,XIREC,10006.0,15
124900,,SUBMISSION,HYDROGEL_PACK,XIREC,10021.0,3
125500,,SUBMISSION,HYDROGEL_PACK,XIREC,10007.0,11
125600,,SUBMISSION,HYDROGEL_PACK,XIREC,10009.0,10
125600,,SUBMISSION,HYDROGEL_PACK,XIREC,10006.0,26
125700,,SUBMISSION,HYDROGEL_PACK,XIREC,10009.0,7
125900,,SUBMISSION,VELVETFRUIT_EXTRACT,XIREC,5265.0,10
126800,,,HYDROGEL_PACK,XIREC,10015.0,2
129300,,,VELVETFRUIT_EXTRACT,XIREC,5255.0,8
129300,,,VELVETFRUIT_EXTRACT,XIREC,5255.0,5
129400,,,HYDROGEL_PACK,XIREC,10009.0,4
129600,SUBMISSION,,VELVETFRUIT_EXTRACT,XIREC,5256.0,6
129700,SUBMISSION,,VEV_5300,XIREC,46.0,4
129700,SUBMISSION,,VEV_5400,XIREC,14.0,4
129700,SUBMISSION,,VEV_5500,XIREC,5.0,4
129700,,,VEV_6000,XIREC,0.0,4
129700,,,VEV_6500,XIREC,0.0,4
130100,,,VELVETFRUIT_EXTRACT,XIREC,5256.0,5
130300,SUBMISSION,,VELVETFRUIT_EXTRACT,XIREC,5253.0,6
133000,,,VELVETFRUIT_EXTRACT,XIREC,5260.0,7
134300,SUBMISSION,,VELVETFRUIT_EXTRACT,XIREC,5255.0,9
134300,SUBMISSION,,VELVETFRUIT_EXTRACT,XIREC,5255.0,2
134300,,,VELVETFRUIT_EXTRACT,XIREC,5255.0,7
135500,,,VELVETFRUIT_EXTRACT,XIREC,5259.0,7
137000,,,HYDROGEL_PACK,XIREC,10007.0,3
138400,SUBMISSION,,VELVETFRUIT_EXTRACT,XIREC,5256.0,10
138700,,SUBMISSION,VELVETFRUIT_EXTRACT,XIREC,5261.0,3
140500,,,VELVETFRUIT_EXTRACT,XIREC,5257.0,6
140900,SUBMISSION,,VEV_4000,XIREC,1251.0,1
142300,,SUBMISSION,VELVETFRUIT_EXTRACT,XIREC,5259.0,6
143100,,SUBMISSION,VELVETFRUIT_EXTRACT,XIREC,5260.0,7
143800,SUBMISSION,,HYDROGEL_PACK,XIREC,9997.0,5
144300,,SUBMISSION,VELVETFRUIT_EXTRACT,XIREC,5265.0,6
144400,SUBMISSION,,VEV_4000,XIREC,1258.0,1
144700,,SUBMISSION,VELVETFRUIT_EXTRACT,XIREC,5263.0,17
144800,,SUBMISSION,VELVETFRUIT_EXTRACT,XIREC,5263.0,24
144800,,SUBMISSION,VELVETFRUIT_EXTRACT,XIREC,5262.0,30
144900,,SUBMISSION,VELVETFRUIT_EXTRACT,XIREC,5265.0,10
144900,,SUBMISSION,VELVETFRUIT_EXTRACT,XIREC,5263.0,57
145000,,SUBMISSION,VELVETFRUIT_EXTRACT,XIREC,5264.0,59
145100,,SUBMISSION,VELVETFRUIT_EXTRACT,XIREC,5267.0,6
145100,,SUBMISSION,VELVETFRUIT_EXTRACT,XIREC,5265.0,68
145100,,,HYDROGEL_PACK,XIREC,10012.0,5
145400,SUBMISSION,,HYDROGEL_PACK,XIREC,9996.0,2
145800,SUBMISSION,,VEV_4000,XIREC,1262.0,1
147200,,,VELVETFRUIT_EXTRACT,XIREC,5259.0,8
148700,,SUBMISSION,HYDROGEL_PACK,XIREC,10011.0,7
149900,,,HYDROGEL_PACK,XIREC,10007.0,3
150400,,SUBMISSION,VEV_4000,XIREC,1273.0,1
150600,,,HYDROGEL_PACK,XIREC,10028.0,4
151400,,,HYDROGEL_PACK,XIREC,10014.0,3
151600,,,HYDROGEL_PACK,XIREC,10014.0,6
153100,,SUBMISSION,VEV_4000,XIREC,1279.0,3
153200,,,HYDROGEL_PACK,XIREC,10008.0,5
154300,,,VELVETFRUIT_EXTRACT,XIREC,5275.0,6
155100,,,VELVETFRUIT_EXTRACT,XIREC,5277.0,8
155300,,,VELVETFRUIT_EXTRACT,XIREC,5277.0,3
155700,,,VELVETFRUIT_EXTRACT,XIREC,5277.0,4
155800,,,VELVETFRUIT_EXTRACT,XIREC,5274.0,7
155900,,SUBMISSION,VEV_4000,XIREC,1280.0,2
156200,,,VELVETFRUIT_EXTRACT,XIREC,5275.0,14
157000,,,HYDROGEL_PACK,XIREC,10024.0,4
157400,,,VELVETFRUIT_EXTRACT,XIREC,5272.0,13
161100,,,HYDROGEL_PACK,XIREC,10028.0,4
164100,,,VELVETFRUIT_EXTRACT,XIREC,5282.0,5
164200,,,VELVETFRUIT_EXTRACT,XIREC,5278.0,7
164600,,,HYDROGEL_PACK,XIREC,10023.0,6
165700,,,VELVETFRUIT_EXTRACT,XIREC,5273.0,10
166700,,SUBMISSION,VEV_4000,XIREC,1278.0,3
169000,SUBMISSION,,VEV_5300,XIREC,52.0,3
169000,SUBMISSION,,VEV_5400,XIREC,16.0,3
169000,SUBMISSION,,VEV_5500,XIREC,6.0,3
169000,,,HYDROGEL_PACK,XIREC,10028.0,2
169000,,,VEV_6000,XIREC,0.0,3
169000,,,VEV_6500,XIREC,0.0,3
169200,SUBMISSION,,VEV_4000,XIREC,1266.0,3
169200,,,HYDROGEL_PACK,XIREC,10025.0,5
169900,,,VELVETFRUIT_EXTRACT,XIREC,5267.0,3
170100,,,HYDROGEL_PACK,XIREC,10020.0,4
170500,,,VELVETFRUIT_EXTRACT,XIREC,5272.0,7
171500,,,VELVETFRUIT_EXTRACT,XIREC,5271.0,7
171800,SUBMISSION,,VEV_5400,XIREC,17.0,5
171800,SUBMISSION,,VEV_5500,XIREC,7.0,5
171800,,,VEV_6000,XIREC,0.0,5
171800,,,VEV_6500,XIREC,0.0,5
172600,,,VELVETFRUIT_EXTRACT,XIREC,5276.0,8
174000,,,VELVETFRUIT_EXTRACT,XIREC,5278.0,6
175000,,,VELVETFRUIT_EXTRACT,XIREC,5279.0,4
177100,,,HYDROGEL_PACK,XIREC,10011.0,3
178100,,,HYDROGEL_PACK,XIREC,10007.0,3
178200,,,VELVETFRUIT_EXTRACT,XIREC,5272.0,3
179100,,,VELVETFRUIT_EXTRACT,XIREC,5275.0,8
181600,SUBMISSION,,HYDROGEL_PACK,XIREC,9997.0,5
185500,,,VELVETFRUIT_EXTRACT,XIREC,5262.0,5
188200,SUBMISSION,,VELVETFRUIT_EXTRACT,XIREC,5256.0,3
188600,SUBMISSION,,HYDROGEL_PACK,XIREC,9994.0,14
188700,SUBMISSION,,HYDROGEL_PACK,XIREC,9992.0,14
188700,SUBMISSION,,HYDROGEL_PACK,XIREC,9995.0,21
188800,SUBMISSION,,HYDROGEL_PACK,XIREC,9990.0,11
188800,SUBMISSION,,HYDROGEL_PACK,XIREC,9992.0,23
188900,SUBMISSION,,HYDROGEL_PACK,XIREC,9988.0,10
188900,SUBMISSION,,HYDROGEL_PACK,XIREC,9991.0,20
189000,SUBMISSION,,HYDROGEL_PACK,XIREC,9990.0,10
189000,SUBMISSION,,HYDROGEL_PACK,XIREC,9993.0,26
189100,SUBMISSION,,HYDROGEL_PACK,XIREC,9989.0,13
189100,SUBMISSION,,HYDROGEL_PACK,XIREC,9992.0,22
189100,SUBMISSION,,VEV_5300,XIREC,47.0,4
189100,SUBMISSION,,VEV_5400,XIREC,14.0,4
189100,SUBMISSION,,VEV_5500,XIREC,6.0,4
189100,,,VEV_6000,XIREC,0.0,4
189100,,,VEV_6500,XIREC,0.0,4
189200,SUBMISSION,,HYDROGEL_PACK,XIREC,9991.0,11
189200,SUBMISSION,,HYDROGEL_PACK,XIREC,9994.0,26
189300,SUBMISSION,,HYDROGEL_PACK,XIREC,9991.0,11
189300,SUBMISSION,,HYDROGEL_PACK,XIREC,9994.0,21
189400,SUBMISSION,,HYDROGEL_PACK,XIREC,9990.0,10
189400,SUBMISSION,,HYDROGEL_PACK,XIREC,9992.0,22
189500,SUBMISSION,,HYDROGEL_PACK,XIREC,9988.0,15
189500,SUBMISSION,,HYDROGEL_PACK,XIREC,9990.0,20
189600,SUBMISSION,,HYDROGEL_PACK,XIREC,9987.0,12
189600,SUBMISSION,,HYDROGEL_PACK,XIREC,9989.0,24
189700,SUBMISSION,,HYDROGEL_PACK,XIREC,9976.0,5
189700,SUBMISSION,,HYDROGEL_PACK,XIREC,9984.0,12
189700,SUBMISSION,,HYDROGEL_PACK,XIREC,9987.0,21
189700,SUBMISSION,,VELVETFRUIT_EXTRACT,XIREC,5258.0,6
190900,,SUBMISSION,VEV_4000,XIREC,1265.0,1
192700,SUBMISSION,,VEV_4000,XIREC,1258.0,2
193400,,,HYDROGEL_PACK,XIREC,9993.0,4
194700,,,VELVETFRUIT_EXTRACT,XIREC,5262.0,10
194900,SUBMISSION,,VELVETFRUIT_EXTRACT,XIREC,5258.0,6
195200,,SUBMISSION,VEV_4000,XIREC,1265.0,2
195500,,,VELVETFRUIT_EXTRACT,XIREC,5264.0,6
195600,,,HYDROGEL_PACK,XIREC,9972.0,5
196700,SUBMISSION,,VELVETFRUIT_EXTRACT,XIREC,5262.0,6
196800,SUBMISSION,,VEV_4000,XIREC,1258.0,2
199400,SUBMISSION,,VELVETFRUIT_EXTRACT,XIREC,5262.0,8
199400,SUBMISSION,,VELVETFRUIT_EXTRACT,XIREC,5262.0,7
199400,,,VELVETFRUIT_EXTRACT,XIREC,5262.0,1
199700,SUBMISSION,,HYDROGEL_PACK,XIREC,9978.0,1
200400,SUBMISSION,,VEV_4000,XIREC,1257.0,1
201300,SUBMISSION,,VELVETFRUIT_EXTRACT,XIREC,5260.0,6
201500,SUBMISSION,,VEV_4000,XIREC,1253.0,1
202300,SUBMISSION,,VEV_4000,XIREC,1254.0,1
203500,,,VELVETFRUIT_EXTRACT,XIREC,5263.0,4
204400,SUBMISSION,,VEV_5300,XIREC,47.0,5
204400,SUBMISSION,,VEV_5400,XIREC,14.0,5
204400,SUBMISSION,,VEV_5500,XIREC,6.0,5
204400,,,VEV_6000,XIREC,0.0,5
204400,,,VEV_6500,XIREC,0.0,5
205000,,,VELVETFRUIT_EXTRACT,XIREC,5263.0,5
206000,,SUBMISSION,VELVETFRUIT_EXTRACT,XIREC,5267.0,6
206200,,,HYDROGEL_PACK,XIREC,9992.0,3
206600,,,HYDROGEL_PACK,XIREC,9976.0,3
206700,,,HYDROGEL_PACK,XIREC,9981.0,5
207000,,SUBMISSION,VELVETFRUIT_EXTRACT,XIREC,5267.0,7
207000,,,VELVETFRUIT_EXTRACT,XIREC,5268.0,8
209400,,,VELVETFRUIT_EXTRACT,XIREC,5265.0,4
211400,,,VELVETFRUIT_EXTRACT,XIREC,5264.0,7
212100,,SUBMISSION,VELVETFRUIT_EXTRACT,XIREC,5270.0,4
212100,SUBMISSION,,VEV_4000,XIREC,1262.0,2
212200,,SUBMISSION,VELVETFRUIT_EXTRACT,XIREC,5266.0,5
212900,,,VELVETFRUIT_EXTRACT,XIREC,5266.0,5
217200,SUBMISSION,,VELVETFRUIT_EXTRACT,XIREC,5263.0,4
217800,SUBMISSION,,VELVETFRUIT_EXTRACT,XIREC,5261.0,6
219200,,,HYDROGEL_PACK,XIREC,9954.0,4
220600,SUBMISSION,,VELVETFRUIT_EXTRACT,XIREC,5261.0,4
220800,,SUBMISSION,VELVETFRUIT_EXTRACT,XIREC,5265.0,6
221200,,,HYDROGEL_PACK,XIREC,9963.0,6
221300,SUBMISSION,,VELVETFRUIT_EXTRACT,XIREC,5258.0,9
224300,,,HYDROGEL_PACK,XIREC,9942.0,4
225500,SUBMISSION,,VEV_5300,XIREC,50.0,5
225500,SUBMISSION,,VEV_5400,XIREC,16.0,5
225500,SUBMISSION,,VEV_5500,XIREC,6.0,5
225500,,,VEV_6000,XIREC,0.0,5
225500,,,VEV_6500,XIREC,0.0,5
229400,SUBMISSION,,VELVETFRUIT_EXTRACT,XIREC,5261.0,7
231600,SUBMISSION,,VELVETFRUIT_EXTRACT,XIREC,5263.0,5
231900,,SUBMISSION,VEV_4000,XIREC,1270.0,2
232000,,SUBMISSION,VELVETFRUIT_EXTRACT,XIREC,5266.0,7
232000,,,VELVETFRUIT_EXTRACT,XIREC,5267.0,1
233000,,,HYDROGEL_PACK,XIREC,9927.0,3
235400,,SUBMISSION,VELVETFRUIT_EXTRACT,XIREC,5270.0,15
235500,,SUBMISSION,VELVETFRUIT_EXTRACT,XIREC,5270.0,27
235700,,,HYDROGEL_PACK,XIREC,9906.0,6
237400,,,VELVETFRUIT_EXTRACT,XIREC,5273.0,6
237600,,,VELVETFRUIT_EXTRACT,XIREC,5271.0,8
237700,,,VELVETFRUIT_EXTRACT,XIREC,5273.0,8
238900,,,HYDROGEL_PACK,XIREC,9910.0,4
239300,,,HYDROGEL_PACK,XIREC,9909.0,2
239400,SUBMISSION,,VEV_5400,XIREC,15.0,2
239400,SUBMISSION,,VEV_5500,XIREC,6.0,2
239400,,,HYDROGEL_PACK,XIREC,9910.0,4
239400,,,VEV_6000,XIREC,0.0,2
239400,,,VEV_6500,XIREC,0.0,2
239800,,,HYDROGEL_PACK,XIREC,9925.0,5
242100,,,VELVETFRUIT_EXTRACT,XIREC,5276.0,8
243500,,,VELVETFRUIT_EXTRACT,XIREC,5274.0,4
243800,,,HYDROGEL_PACK,XIREC,9919.0,4
244900,,,VELVETFRUIT_EXTRACT,XIREC,5276.0,4
249400,,SUBMISSION,VEV_4000,XIREC,1281.0,3
249800,SUBMISSION,,VEV_4000,XIREC,1272.0,2
253000,SUBMISSION,,VEV_5400,XIREC,16.0,3
253000,SUBMISSION,,VEV_5500,XIREC,6.0,3
253000,,,VEV_6000,XIREC,0.0,3
253000,,,VEV_6500,XIREC,0.0,3
254300,,,HYDROGEL_PACK,XIREC,9951.0,2
256200,,,HYDROGEL_PACK,XIREC,9927.0,5
258000,,,VELVETFRUIT_EXTRACT,XIREC,5271.0,15
258900,,,HYDROGEL_PACK,XIREC,9928.0,2
259500,,,VELVETFRUIT_EXTRACT,XIREC,5273.0,4
263900,,,VELVETFRUIT_EXTRACT,XIREC,5281.0,4
264200,,,HYDROGEL_PACK,XIREC,9927.0,6
264700,,,HYDROGEL_PACK,XIREC,9907.0,2
265100,,,VELVETFRUIT_EXTRACT,XIREC,5285.0,6
265200,,,HYDROGEL_PACK,XIREC,9909.0,5
265500,,,VELVETFRUIT_EXTRACT,XIREC,5285.0,6
266800,SUBMISSION,,VEV_4000,XIREC,1280.0,1
267000,,,VELVETFRUIT_EXTRACT,XIREC,5289.0,6
267400,,,VELVETFRUIT_EXTRACT,XIREC,5283.0,4
267900,,,HYDROGEL_PACK,XIREC,9926.0,6
268200,,,VELVETFRUIT_EXTRACT,XIREC,5280.0,7
268600,,,VELVETFRUIT_EXTRACT,XIREC,5281.0,5
268900,SUBMISSION,,VEV_5400,XIREC,19.0,4
268900,SUBMISSION,,VEV_5500,XIREC,8.0,4
268900,,,VEV_6000,XIREC,0.0,4
268900,,,VEV_6500,XIREC,0.0,4
269700,,SUBMISSION,VEV_4000,XIREC,1283.0,1
270500,,SUBMISSION,VEV_4000,XIREC,1286.0,1
271100,,,VELVETFRUIT_EXTRACT,XIREC,5276.0,3
272000,SUBMISSION,,VEV_5500,XIREC,8.0,3
272000,,,VEV_6000,XIREC,0.0,3
272000,,,VEV_6500,XIREC,0.0,3
272700,,,VELVETFRUIT_EXTRACT,XIREC,5277.0,3
272900,,SUBMISSION,VEV_4000,XIREC,1285.0,3
272900,,,HYDROGEL_PACK,XIREC,9924.0,5
273400,,,HYDROGEL_PACK,XIREC,9922.0,3
273500,,,HYDROGEL_PACK,XIREC,9921.0,6
274100,,,VELVETFRUIT_EXTRACT,XIREC,5279.0,6
274300,,,VELVETFRUIT_EXTRACT,XIREC,5280.0,8
274400,,,HYDROGEL_PACK,XIREC,9907.0,3
274600,,,VELVETFRUIT_EXTRACT,XIREC,5274.0,3
275200,SUBMISSION,,VEV_5400,XIREC,18.0,5
275200,SUBMISSION,,VEV_5500,XIREC,7.0,5
275200,,,VEV_6000,XIREC,0.0,5
275200,,,VEV_6500,XIREC,0.0,5
275800,,,HYDROGEL_PACK,XIREC,9912.0,6
277000,,,HYDROGEL_PACK,XIREC,9911.0,6
277300,,,HYDROGEL_PACK,XIREC,9910.0,3
277900,SUBMISSION,,VEV_4000,XIREC,1264.0,3
278700,,,VELVETFRUIT_EXTRACT,XIREC,5274.0,6
278800,,,HYDROGEL_PACK,XIREC,9890.0,2
278800,,,VELVETFRUIT_EXTRACT,XIREC,5276.0,4
279900,,,HYDROGEL_PACK,XIREC,9890.0,6
280700,SUBMISSION,,VELVETFRUIT_EXTRACT,XIREC,5269.0,6
281100,,SUBMISSION,VEV_4000,XIREC,1273.0,1
282200,,,HYDROGEL_PACK,XIREC,9891.0,4
282600,SUBMISSION,,VELVETFRUIT_EXTRACT,XIREC,5270.0,10
282600,,,VELVETFRUIT_EXTRACT,XIREC,5272.0,6
283300,SUBMISSION,,VELVETFRUIT_EXTRACT,XIREC,5271.0,5
283700,,,HYDROGEL_PACK,XIREC,9922.0,5
284300,,,HYDROGEL_PACK,XIREC,9923.0,6
285600,,SUBMISSION,VELVETFRUIT_EXTRACT,XIREC,5277.0,4
285800,,SUBMISSION,VELVETFRUIT_EXTRACT,XIREC,5275.0,6
286100,,SUBMISSION,VELVETFRUIT_EXTRACT,XIREC,5278.0,5
286100,,,VELVETFRUIT_EXTRACT,XIREC,5278.0,5
286900,SUBMISSION,,VEV_4000,XIREC,1271.0,3
287100,SUBMISSION,,VEV_5400,XIREC,18.0,2
287100,SUBMISSION,,VEV_5500,XIREC,7.0,2
287100,,,VEV_6000,XIREC,0.0,2
287100,,,VEV_6500,XIREC,0.0,2
287600,SUBMISSION,,VEV_5400,XIREC,18.0,2
287600,SUBMISSION,,VEV_5500,XIREC,7.0,2
287600,,,VEV_6000,XIREC,0.0,2
287600,,,VEV_6500,XIREC,0.0,2
288000,,,HYDROGEL_PACK,XIREC,9936.0,5
288000,,,VELVETFRUIT_EXTRACT,XIREC,5274.0,8
289300,SUBMISSION,,VEV_5300,XIREC,52.0,2
289300,SUBMISSION,,VEV_5400,XIREC,17.0,2
289300,SUBMISSION,,VEV_5500,XIREC,7.0,2
289300,,,VEV_6000,XIREC,0.0,2
289300,,,VEV_6500,XIREC,0.0,2
291000,,,HYDROGEL_PACK,XIREC,9905.0,3
291800,SUBMISSION,,VELVETFRUIT_EXTRACT,XIREC,5268.0,4
292800,,,HYDROGEL_PACK,XIREC,9921.0,6
293100,,,VELVETFRUIT_EXTRACT,XIREC,5274.0,5
293400,,,VELVETFRUIT_EXTRACT,XIREC,5273.0,5
293600,SUBMISSION,,VEV_4000,XIREC,1265.0,2
293700,SUBMISSION,,VELVETFRUIT_EXTRACT,XIREC,5268.0,8
294600,SUBMISSION,,VEV_5400,XIREC,16.0,2
294600,SUBMISSION,,VEV_5500,XIREC,7.0,2
294600,,,VEV_6000,XIREC,0.0,2
294600,,,VEV_6500,XIREC,0.0,2
296800,SUBMISSION,,VELVETFRUIT_EXTRACT,XIREC,5269.0,8
297000,SUBMISSION,,VELVETFRUIT_EXTRACT,XIREC,5267.0,15
299100,,,HYDROGEL_PACK,XIREC,9963.0,3
300800,,,HYDROGEL_PACK,XIREC,9946.0,4
301000,SUBMISSION,,VELVETFRUIT_EXTRACT,XIREC,5268.0,8
301700,SUBMISSION,,VEV_4000,XIREC,1261.0,2
303100,SUBMISSION,,VEV_4000,XIREC,1261.0,1
303800,,,HYDROGEL_PACK,XIREC,9935.0,2
305600,SUBMISSION,,VELVETFRUIT_EXTRACT,XIREC,5268.0,3
305700,,,HYDROGEL_PACK,XIREC,9951.0,6
306000,,SUBMISSION,VELVETFRUIT_EXTRACT,XIREC,5273.0,5
306100,,,HYDROGEL_PACK,XIREC,9952.0,5
307600,,SUBMISSION,VEV_4000,XIREC,1276.0,2
307900,SUBMISSION,,VELVETFRUIT_EXTRACT,XIREC,5269.0,8
308400,,,VELVETFRUIT_EXTRACT,XIREC,5270.0,3
310100,,,HYDROGEL_PACK,XIREC,9942.0,4
311200,SUBMISSION,,VELVETFRUIT_EXTRACT,XIREC,5266.0,8
311700,,SUBMISSION,VELVETFRUIT_EXTRACT,XIREC,5272.0,6
311800,,,HYDROGEL_PACK,XIREC,9945.0,2
314800,,,HYDROGEL_PACK,XIREC,9953.0,3
315400,,,HYDROGEL_PACK,XIREC,9956.0,4
316700,SUBMISSION,,VEV_5400,XIREC,17.0,3
316700,SUBMISSION,,VEV_5500,XIREC,7.0,3
316700,,,VEV_6000,XIREC,0.0,3
316700,,,VEV_6500,XIREC,0.0,3
316800,,SUBMISSION,VELVETFRUIT_EXTRACT,XIREC,5274.0,7
316900,,,HYDROGEL_PACK,XIREC,9954.0,2
317500,SUBMISSION,,VEV_5400,XIREC,17.0,3
317500,SUBMISSION,,VEV_5500,XIREC,7.0,3
317500,,,VEV_6000,XIREC,0.0,3
317500,,,VEV_6500,XIREC,0.0,3
318100,,SUBMISSION,VEV_4000,XIREC,1279.0,1
319900,,SUBMISSION,VELVETFRUIT_EXTRACT,XIREC,5281.0,11
319900,,SUBMISSION,VELVETFRUIT_EXTRACT,XIREC,5278.0,22
319900,,SUBMISSION,VELVETFRUIT_EXTRACT,XIREC,5277.0,17
320800,SUBMISSION,,VEV_5300,XIREC,52.0,5
320800,SUBMISSION,,VEV_5400,XIREC,17.0,5
320800,SUBMISSION,,VEV_5500,XIREC,7.0,5
320800,,,VEV_6000,XIREC,0.0,5
320800,,,VEV_6500,XIREC,0.0,5
321600,SUBMISSION,,VEV_5300,XIREC,50.0,4
321600,SUBMISSION,,VEV_5400,XIREC,16.0,4
321600,SUBMISSION,,VEV_5500,XIREC,7.0,4
321600,,,VEV_6000,XIREC,0.0,4
321600,,,VEV_6500,XIREC,0.0,4
322300,,SUBMISSION,VEV_4000,XIREC,1277.0,2
323200,,,VELVETFRUIT_EXTRACT,XIREC,5276.0,5
323500,,,VELVETFRUIT_EXTRACT,XIREC,5269.0,14
326400,SUBMISSION,,VELVETFRUIT_EXTRACT,XIREC,5265.0,51
326500,SUBMISSION,,VELVETFRUIT_EXTRACT,XIREC,5264.0,61
326600,SUBMISSION,,VELVETFRUIT_EXTRACT,XIREC,5264.0,59
326700,SUBMISSION,,VELVETFRUIT_EXTRACT,XIREC,5264.0,23
326700,SUBMISSION,,VELVETFRUIT_EXTRACT,XIREC,5265.0,34
326800,SUBMISSION,,VELVETFRUIT_EXTRACT,XIREC,5265.0,62
326900,SUBMISSION,,VELVETFRUIT_EXTRACT,XIREC,5266.0,15
326900,SUBMISSION,,VELVETFRUIT_EXTRACT,XIREC,5267.0,48
327500,SUBMISSION,,VELVETFRUIT_EXTRACT,XIREC,5265.0,21
327600,,,VELVETFRUIT_EXTRACT,XIREC,5266.0,5
328500,,,VELVETFRUIT_EXTRACT,XIREC,5269.0,7
328700,SUBMISSION,,VEV_4000,XIREC,1260.0,3
328700,,,VELVETFRUIT_EXTRACT,XIREC,5268.0,5
328900,,,HYDROGEL_PACK,XIREC,9958.0,2
329000,SUBMISSION,,VELVETFRUIT_EXTRACT,XIREC,5264.0,5
330400,SUBMISSION,,VELVETFRUIT_EXTRACT,XIREC,5263.0,5
330400,SUBMISSION,,VELVETFRUIT_EXTRACT,XIREC,5262.0,6
330400,,,VELVETFRUIT_EXTRACT,XIREC,5261.0,2
332600,,SUBMISSION,VELVETFRUIT_EXTRACT,XIREC,5273.0,8
332800,,,HYDROGEL_PACK,XIREC,9947.0,3
333200,,,VELVETFRUIT_EXTRACT,XIREC,5269.0,7
333900,,SUBMISSION,VELVETFRUIT_EXTRACT,XIREC,5272.0,7
335400,,SUBMISSION,VELVETFRUIT_EXTRACT,XIREC,5271.0,6
336800,SUBMISSION,,VELVETFRUIT_EXTRACT,XIREC,5269.0,5
336900,SUBMISSION,,VELVETFRUIT_EXTRACT,XIREC,5270.0,6
337000,,,VELVETFRUIT_EXTRACT,XIREC,5271.0,6
338400,,,HYDROGEL_PACK,XIREC,9948.0,4
340200,,,HYDROGEL_PACK,XIREC,9951.0,2
340500,SUBMISSION,,VEV_4000,XIREC,1262.0,3
341400,SUBMISSION,,VEV_5400,XIREC,16.0,4
341400,SUBMISSION,,VEV_5500,XIREC,7.0,4
341400,,,VEV_6000,XIREC,0.0,4
341400,,,VEV_6500,XIREC,0.0,4
342300,,,HYDROGEL_PACK,XIREC,9966.0,2
344000,SUBMISSION,,VELVETFRUIT_EXTRACT,XIREC,5270.0,3
344100,,,HYDROGEL_PACK,XIREC,9942.0,3
344500,,,HYDROGEL_PACK,XIREC,9942.0,3
344600,SUBMISSION,,VELVETFRUIT_EXTRACT,XIREC,5266.0,6
344600,,,HYDROGEL_PACK,XIREC,9958.0,6
344600,,,VELVETFRUIT_EXTRACT,XIREC,5265.0,1
344900,SUBMISSION,,VELVETFRUIT_EXTRACT,XIREC,5266.0,2
344900,,,VELVETFRUIT_EXTRACT,XIREC,5265.0,4
346100,,,HYDROGEL_PACK,XIREC,9947.0,2
347400,,,HYDROGEL_PACK,XIREC,9947.0,4
347800,SUBMISSION,,VEV_5400,XIREC,15.0,4
347800,SUBMISSION,,VEV_5500,XIREC,6.0,4
347800,,,VEV_6000,XIREC,0.0,4
347800,,,VEV_6500,XIREC,0.0,4
350600,,,VELVETFRUIT_EXTRACT,XIREC,5266.0,5
350700,SUBMISSION,,VEV_5300,XIREC,47.0,4
350700,SUBMISSION,,VEV_5400,XIREC,15.0,4
350700,SUBMISSION,,VEV_5500,XIREC,6.0,4
350700,,,VEV_6000,XIREC,0.0,4
350700,,,VEV_6500,XIREC,0.0,4
350900,SUBMISSION,,VELVETFRUIT_EXTRACT,XIREC,5263.0,9
351400,,,HYDROGEL_PACK,XIREC,9937.0,6
352100,,,VELVETFRUIT_EXTRACT,XIREC,5252.0,4
352300,,,VELVETFRUIT_EXTRACT,XIREC,5257.0,8
353600,,,VELVETFRUIT_EXTRACT,XIREC,5254.0,7
353800,,,VELVETFRUIT_EXTRACT,XIREC,5257.0,7
356500,,,VELVETFRUIT_EXTRACT,XIREC,5263.0,6
358300,,,VELVETFRUIT_EXTRACT,XIREC,5261.0,7
358400,,,VELVETFRUIT_EXTRACT,XIREC,5266.0,5
358500,SUBMISSION,,VEV_5300,XIREC,47.0,2
358500,SUBMISSION,,VEV_5400,XIREC,15.0,2
358500,SUBMISSION,,VEV_5500,XIREC,6.0,2
358500,,,VEV_6000,XIREC,0.0,2
358500,,,VEV_6500,XIREC,0.0,2
359500,,,HYDROGEL_PACK,XIREC,9972.0,5
360000,,,VELVETFRUIT_EXTRACT,XIREC,5267.0,7
361300,,,VELVETFRUIT_EXTRACT,XIREC,5267.0,3
361600,,SUBMISSION,HYDROGEL_PACK,XIREC,9986.0,8
361600,,,VELVETFRUIT_EXTRACT,XIREC,5260.0,5
362500,,,VELVETFRUIT_EXTRACT,XIREC,5260.0,5
362600,SUBMISSION,,VEV_5300,XIREC,47.0,5
362600,SUBMISSION,,VEV_5500,XIREC,6.0,5
362600,,,VEV_6000,XIREC,0.0,5
362600,,,VEV_6500,XIREC,0.0,5
363300,,SUBMISSION,VEV_4000,XIREC,1267.0,1
365300,,SUBMISSION,HYDROGEL_PACK,XIREC,9984.0,15
365300,,,HYDROGEL_PACK,XIREC,9984.0,2
365400,,,VELVETFRUIT_EXTRACT,XIREC,5257.0,7
365600,SUBMISSION,,VEV_5300,XIREC,45.0,4
365600,SUBMISSION,,VEV_5400,XIREC,14.0,4
365600,SUBMISSION,,VEV_5500,XIREC,5.0,4
365600,,,VEV_6000,XIREC,0.0,4
365600,,,VEV_6500,XIREC,0.0,4
365700,,SUBMISSION,HYDROGEL_PACK,XIREC,9988.0,4
366000,,SUBMISSION,HYDROGEL_PACK,XIREC,9986.0,11
366000,,SUBMISSION,HYDROGEL_PACK,XIREC,9984.0,20
366100,,SUBMISSION,HYDROGEL_PACK,XIREC,9988.0,13
366100,,SUBMISSION,HYDROGEL_PACK,XIREC,9986.0,27
366200,,SUBMISSION,HYDROGEL_PACK,XIREC,9988.0,15
366200,,SUBMISSION,HYDROGEL_PACK,XIREC,9985.0,22
366300,,SUBMISSION,HYDROGEL_PACK,XIREC,9989.0,14
366300,,SUBMISSION,HYDROGEL_PACK,XIREC,9987.0,21
366400,,SUBMISSION,HYDROGEL_PACK,XIREC,9989.0,11
366400,,SUBMISSION,HYDROGEL_PACK,XIREC,9987.0,21
366500,,SUBMISSION,HYDROGEL_PACK,XIREC,9985.0,10
366500,,SUBMISSION,HYDROGEL_PACK,XIREC,9983.0,20
366500,,SUBMISSION,HYDROGEL_PACK,XIREC,10000.0,2
366600,,SUBMISSION,HYDROGEL_PACK,XIREC,9989.0,15
366600,,SUBMISSION,HYDROGEL_PACK,XIREC,9987.0,21
366700,,SUBMISSION,HYDROGEL_PACK,XIREC,9990.0,14
366700,,SUBMISSION,HYDROGEL_PACK,XIREC,9988.0,26
366800,,SUBMISSION,HYDROGEL_PACK,XIREC,9989.0,13
366800,,SUBMISSION,HYDROGEL_PACK,XIREC,9986.0,17
367200,,SUBMISSION,HYDROGEL_PACK,XIREC,9991.0,14
367200,,SUBMISSION,HYDROGEL_PACK,XIREC,9989.0,7
368100,,,VELVETFRUIT_EXTRACT,XIREC,5256.0,6
368200,,SUBMISSION,VEV_4000,XIREC,1265.0,2
370600,,SUBMISSION,VEV_4000,XIREC,1256.0,3
370700,SUBMISSION,,VEV_4000,XIREC,1246.0,2
372300,,SUBMISSION,VEV_4000,XIREC,1259.0,2
372300,,,VELVETFRUIT_EXTRACT,XIREC,5250.0,6
373100,,,VELVETFRUIT_EXTRACT,XIREC,5256.0,6
373800,SUBMISSION,,VEV_5500,XIREC,5.0,4
373800,,,VEV_6000,XIREC,0.0,4
373800,,,VEV_6500,XIREC,0.0,4
376300,SUBMISSION,,VEV_5400,XIREC,13.0,5
376300,SUBMISSION,,VEV_5500,XIREC,5.0,5
376300,,,VEV_6000,XIREC,0.0,5
376300,,,VEV_6500,XIREC,0.0,5
376700,,,VELVETFRUIT_EXTRACT,XIREC,5250.0,7
378400,,,VELVETFRUIT_EXTRACT,XIREC,5249.0,10
382200,,,VELVETFRUIT_EXTRACT,XIREC,5253.0,5
383100,,,VELVETFRUIT_EXTRACT,XIREC,5254.0,6
384800,,,HYDROGEL_PACK,XIREC,9978.0,4
385100,,,VELVETFRUIT_EXTRACT,XIREC,5245.0,9
385500,SUBMISSION,,HYDROGEL_PACK,XIREC,9973.0,5
387500,,SUBMISSION,HYDROGEL_PACK,XIREC,9990.0,3
389000,SUBMISSION,,VEV_5300,XIREC,38.0,2
389000,SUBMISSION,,VEV_5400,XIREC,11.0,2
389000,SUBMISSION,,VEV_5500,XIREC,4.0,2
389000,,,VEV_6000,XIREC,0.0,2
389000,,,VEV_6500,XIREC,0.0,2
389600,,SUBMISSION,VEV_4000,XIREC,1244.0,3
389600,,,VELVETFRUIT_EXTRACT,XIREC,5238.0,7
390200,SUBMISSION,,VEV_4000,XIREC,1234.0,1
390300,SUBMISSION,,VEV_5300,XIREC,38.0,3
390300,SUBMISSION,,VEV_5400,XIREC,11.0,3
390300,SUBMISSION,,VEV_5500,XIREC,4.0,3
390300,,,VEV_6000,XIREC,0.0,3
390300,,,VEV_6500,XIREC,0.0,3
391600,SUBMISSION,,HYDROGEL_PACK,XIREC,9971.0,2
391700,,SUBMISSION,HYDROGEL_PACK,XIREC,9987.0,2
392400,,SUBMISSION,HYDROGEL_PACK,XIREC,9989.0,5
394100,,,HYDROGEL_PACK,XIREC,9975.0,6
394300,,,HYDROGEL_PACK,XIREC,9970.0,5
394700,SUBMISSION,,HYDROGEL_PACK,XIREC,9966.0,5
397300,SUBMISSION,,VEV_4000,XIREC,1231.0,2
397700,SUBMISSION,,HYDROGEL_PACK,XIREC,9966.0,10
397800,SUBMISSION,,HYDROGEL_PACK,XIREC,9965.0,14
397900,SUBMISSION,,HYDROGEL_PACK,XIREC,9963.0,12
397900,SUBMISSION,,HYDROGEL_PACK,XIREC,9965.0,24
398000,SUBMISSION,,HYDROGEL_PACK,XIREC,9962.0,14
398000,SUBMISSION,,HYDROGEL_PACK,XIREC,9964.0,27
398100,SUBMISSION,,HYDROGEL_PACK,XIREC,9964.0,10
398100,SUBMISSION,,HYDROGEL_PACK,XIREC,9967.0,20
398200,SUBMISSION,,HYDROGEL_PACK,XIREC,9965.0,15
398200,SUBMISSION,,HYDROGEL_PACK,XIREC,9968.0,24
398200,SUBMISSION,,VEV_5400,XIREC,10.0,2
398200,SUBMISSION,,VEV_5500,XIREC,4.0,2
398200,,,VEV_6000,XIREC,0.0,2
398200,,,VEV_6500,XIREC,0.0,2
398300,SUBMISSION,,HYDROGEL_PACK,XIREC,9964.0,14
398300,SUBMISSION,,HYDROGEL_PACK,XIREC,9967.0,21
398400,SUBMISSION,,HYDROGEL_PACK,XIREC,9966.0,13
398400,SUBMISSION,,HYDROGEL_PACK,XIREC,9968.0,29
398500,SUBMISSION,,HYDROGEL_PACK,XIREC,9964.0,14
398500,SUBMISSION,,HYDROGEL_PACK,XIREC,9966.0,22
398600,SUBMISSION,,HYDROGEL_PACK,XIREC,9963.0,11
398600,SUBMISSION,,HYDROGEL_PACK,XIREC,9966.0,21
398700,SUBMISSION,,HYDROGEL_PACK,XIREC,9965.0,14
401000,,,VELVETFRUIT_EXTRACT,XIREC,5230.0,8
401200,SUBMISSION,,HYDROGEL_PACK,XIREC,9967.0,5
401500,,,VELVETFRUIT_EXTRACT,XIREC,5233.0,7
406100,,,VELVETFRUIT_EXTRACT,XIREC,5231.0,4
406300,SUBMISSION,,VEV_4000,XIREC,1225.0,2
407000,,,VELVETFRUIT_EXTRACT,XIREC,5225.0,4
408000,,SUBMISSION,HYDROGEL_PACK,XIREC,9990.0,3
409400,,SUBMISSION,HYDROGEL_PACK,XIREC,9987.0,3
410100,,SUBMISSION,HYDROGEL_PACK,XIREC,9987.0,6
410200,SUBMISSION,,VEV_5400,XIREC,9.0,5
410200,SUBMISSION,,VEV_5500,XIREC,3.0,5
410200,,,VEV_6000,XIREC,0.0,5
410200,,,VEV_6500,XIREC,0.0,5
413100,,,HYDROGEL_PACK,XIREC,9977.0,2
413500,,,HYDROGEL_PACK,XIREC,9974.0,5
414900,SUBMISSION,,VEV_5200,XIREC,76.0,3
414900,SUBMISSION,,VEV_5300,XIREC,34.0,3
414900,SUBMISSION,,VEV_5400,XIREC,9.0,3
414900,SUBMISSION,,VEV_5500,XIREC,3.0,3
414900,,,VEV_6000,XIREC,0.0,3
414900,,,VEV_6500,XIREC,0.0,3
415400,,,HYDROGEL_PACK,XIREC,9976.0,6
415500,SUBMISSION,,VEV_5400,XIREC,9.0,4
415500,SUBMISSION,,VEV_5500,XIREC,3.0,4
415500,,,VEV_6000,XIREC,0.0,4
415500,,,VEV_6500,XIREC,0.0,4
416600,,SUBMISSION,HYDROGEL_PACK,XIREC,9980.0,4
419300,SUBMISSION,,VEV_4000,XIREC,1226.0,1
420200,,,HYDROGEL_PACK,XIREC,9975.0,4
421100,SUBMISSION,,HYDROGEL_PACK,XIREC,9962.0,5
421400,,,VELVETFRUIT_EXTRACT,XIREC,5233.0,6
422200,SUBMISSION,,HYDROGEL_PACK,XIREC,9964.0,2
423800,SUBMISSION,,VEV_5200,XIREC,79.0,5
423800,SUBMISSION,,VEV_5300,XIREC,36.0,5
423800,SUBMISSION,,VEV_5400,XIREC,10.0,5
423800,SUBMISSION,,VEV_5500,XIREC,4.0,5
423800,,,HYDROGEL_PACK,XIREC,9969.0,3
423800,,,VEV_6000,XIREC,0.0,5
423800,,,VEV_6500,XIREC,0.0,5
424300,SUBMISSION,,HYDROGEL_PACK,XIREC,9962.0,14
424400,SUBMISSION,,HYDROGEL_PACK,XIREC,9962.0,13
424400,,SUBMISSION,VEV_4000,XIREC,1239.0,2
424500,SUBMISSION,,HYDROGEL_PACK,XIREC,9959.0,7
424600,,,VELVETFRUIT_EXTRACT,XIREC,5232.0,6
425300,,,VELVETFRUIT_EXTRACT,XIREC,5238.0,3
427400,,,VELVETFRUIT_EXTRACT,XIREC,5241.0,5
428400,,SUBMISSION,VEV_4000,XIREC,1243.0,1
429500,,,HYDROGEL_PACK,XIREC,9968.0,3
430200,,,HYDROGEL_PACK,XIREC,9974.0,4
430700,,SUBMISSION,HYDROGEL_PACK,XIREC,9975.0,4
432100,,,VELVETFRUIT_EXTRACT,XIREC,5233.0,8
433000,,,VELVETFRUIT_EXTRACT,XIREC,5238.0,4
433100,SUBMISSION,,VEV_5200,XIREC,83.0,2
433100,SUBMISSION,,VEV_5300,XIREC,38.0,2
433100,SUBMISSION,,VEV_5400,XIREC,11.0,2
433100,SUBMISSION,,VEV_5500,XIREC,4.0,2
433100,,,VEV_6000,XIREC,0.0,2
433100,,,VEV_6500,XIREC,0.0,2
433900,,,HYDROGEL_PACK,XIREC,9970.0,4
436100,,,VELVETFRUIT_EXTRACT,XIREC,5242.0,5
436200,,,HYDROGEL_PACK,XIREC,9968.0,2
438300,SUBMISSION,,VEV_4000,XIREC,1235.0,3
438500,,,VELVETFRUIT_EXTRACT,XIREC,5241.0,6
438900,,SUBMISSION,VEV_4000,XIREC,1244.0,3
441300,,,VELVETFRUIT_EXTRACT,XIREC,5235.0,5
443400,,,HYDROGEL_PACK,XIREC,9969.0,4
443600,SUBMISSION,,VEV_5200,XIREC,82.0,4
443600,SUBMISSION,,VEV_5400,XIREC,11.0,4
443600,SUBMISSION,,VEV_5500,XIREC,4.0,4
443600,,,VEV_6000,XIREC,0.0,4
443600,,,VEV_6500,XIREC,0.0,4
444200,,,VELVETFRUIT_EXTRACT,XIREC,5244.0,6
445300,,SUBMISSION,HYDROGEL_PACK,XIREC,9973.0,2
448600,,SUBMISSION,VELVETFRUIT_EXTRACT,XIREC,5251.0,7
448900,,,VELVETFRUIT_EXTRACT,XIREC,5247.0,9
449000,,,HYDROGEL_PACK,XIREC,9979.0,6
449300,,SUBMISSION,HYDROGEL_PACK,XIREC,9984.0,11
449300,,SUBMISSION,HYDROGEL_PACK,XIREC,9982.0,20
449400,,SUBMISSION,HYDROGEL_PACK,XIREC,9987.0,10
449400,,SUBMISSION,HYDROGEL_PACK,XIREC,9985.0,27
449500,,SUBMISSION,HYDROGEL_PACK,XIREC,9987.0,14
449500,,SUBMISSION,HYDROGEL_PACK,XIREC,9985.0,28
449500,SUBMISSION,,VEV_4000,XIREC,1243.0,2
449600,,SUBMISSION,HYDROGEL_PACK,XIREC,9985.0,13
449600,,SUBMISSION,HYDROGEL_PACK,XIREC,9982.0,27
449700,,SUBMISSION,HYDROGEL_PACK,XIREC,9986.0,10
449700,,SUBMISSION,HYDROGEL_PACK,XIREC,9983.0,25
449800,,SUBMISSION,HYDROGEL_PACK,XIREC,9984.0,11
449800,,SUBMISSION,HYDROGEL_PACK,XIREC,9981.0,22
450900,,SUBMISSION,HYDROGEL_PACK,XIREC,9987.0,6
451200,SUBMISSION,,VELVETFRUIT_EXTRACT,XIREC,5244.0,7
452000,SUBMISSION,,HYDROGEL_PACK,XIREC,9966.0,3
452800,,,HYDROGEL_PACK,XIREC,9974.0,4
453000,,,VELVETFRUIT_EXTRACT,XIREC,5240.0,3
453800,,,VELVETFRUIT_EXTRACT,XIREC,5237.0,7
454500,SUBMISSION,,HYDROGEL_PACK,XIREC,9963.0,14
454600,SUBMISSION,,HYDROGEL_PACK,XIREC,9963.0,14
454700,,SUBMISSION,VEV_4000,XIREC,1242.0,1
455000,SUBMISSION,,HYDROGEL_PACK,XIREC,9964.0,15
455100,SUBMISSION,,HYDROGEL_PACK,XIREC,9964.0,15
455200,SUBMISSION,,HYDROGEL_PACK,XIREC,9962.0,11
455200,SUBMISSION,,HYDROGEL_PACK,XIREC,9964.0,30
455300,SUBMISSION,,HYDROGEL_PACK,XIREC,9960.0,15
455300,SUBMISSION,,HYDROGEL_PACK,XIREC,9962.0,26
455700,SUBMISSION,,HYDROGEL_PACK,XIREC,9962.0,11
455900,SUBMISSION,,HYDROGEL_PACK,XIREC,9954.0,10
455900,SUBMISSION,,HYDROGEL_PACK,XIREC,9962.0,12
456200,SUBMISSION,,VEV_5200,XIREC,82.0,2
456200,SUBMISSION,,VEV_5400,XIREC,11.0,2
456200,SUBMISSION,,VEV_5500,XIREC,4.0,2
456200,,,VEV_6000,XIREC,0.0,2
456200,,,VEV_6500,XIREC,0.0,2
456800,SUBMISSION,,HYDROGEL_PACK,XIREC,9960.0,14
457600,,,VELVETFRUIT_EXTRACT,XIREC,5242.0,3
460100,,,VELVETFRUIT_EXTRACT,XIREC,5235.0,4
461200,SUBMISSION,,VEV_5300,XIREC,37.0,3
461200,SUBMISSION,,VEV_5400,XIREC,10.0,3
461200,SUBMISSION,,VEV_5500,XIREC,3.0,3
461200,,,VEV_6000,XIREC,0.0,3
461200,,,VEV_6500,XIREC,0.0,3
462400,,SUBMISSION,HYDROGEL_PACK,XIREC,9982.0,6
463200,,SUBMISSION,HYDROGEL_PACK,XIREC,9981.0,14
463300,,SUBMISSION,HYDROGEL_PACK,XIREC,9981.0,12
463400,,SUBMISSION,HYDROGEL_PACK,XIREC,9984.0,12
463400,,SUBMISSION,HYDROGEL_PACK,XIREC,9981.0,20
463500,,SUBMISSION,HYDROGEL_PACK,XIREC,9985.0,10
463500,,SUBMISSION,HYDROGEL_PACK,XIREC,9982.0,22
463600,,SUBMISSION,HYDROGEL_PACK,XIREC,9981.0,10
463600,,SUBMISSION,HYDROGEL_PACK,XIREC,9978.0,25
463600,,,VELVETFRUIT_EXTRACT,XIREC,5238.0,11
463800,,SUBMISSION,HYDROGEL_PACK,XIREC,9981.0,1
464700,,,VELVETFRUIT_EXTRACT,XIREC,5238.0,5
465900,,SUBMISSION,HYDROGEL_PACK,XIREC,9989.0,4
465900,,SUBMISSION,HYDROGEL_PACK,XIREC,9982.0,15
465900,,SUBMISSION,HYDROGEL_PACK,XIREC,9979.0,20
466000,,SUBMISSION,HYDROGEL_PACK,XIREC,9983.0,14
466000,,SUBMISSION,HYDROGEL_PACK,XIREC,9980.0,3
466000,,,VELVETFRUIT_EXTRACT,XIREC,5234.0,3
466400,,,VELVETFRUIT_EXTRACT,XIREC,5233.0,14
467100,,SUBMISSION,HYDROGEL_PACK,XIREC,9984.0,13
467100,,SUBMISSION,HYDROGEL_PACK,XIREC,9982.0,13
467200,,SUBMISSION,HYDROGEL_PACK,XIREC,9985.0,12
467200,,SUBMISSION,HYDROGEL_PACK,XIREC,9982.0,13
467600,,SUBMISSION,HYDROGEL_PACK,XIREC,9986.0,14
467600,,SUBMISSION,HYDROGEL_PACK,XIREC,9983.0,8
467800,,SUBMISSION,HYDROGEL_PACK,XIREC,9993.0,6
467800,,SUBMISSION,HYDROGEL_PACK,XIREC,9985.0,11
467800,,SUBMISSION,HYDROGEL_PACK,XIREC,9983.0,26
468600,,,VELVETFRUIT_EXTRACT,XIREC,5239.0,4
472900,,,VELVETFRUIT_EXTRACT,XIREC,5238.0,6
473000,,,VELVETFRUIT_EXTRACT,XIREC,5238.0,4
473800,,,VELVETFRUIT_EXTRACT,XIREC,5239.0,3
474000,,,VELVETFRUIT_EXTRACT,XIREC,5238.0,5
477300,,,VELVETFRUIT_EXTRACT,XIREC,5244.0,8
478900,,SUBMISSION,HYDROGEL_PACK,XIREC,9996.0,3
479700,,SUBMISSION,HYDROGEL_PACK,XIREC,9993.0,10
479700,,SUBMISSION,HYDROGEL_PACK,XIREC,9990.0,26
480400,,SUBMISSION,HYDROGEL_PACK,XIREC,9994.0,4
480500,,SUBMISSION,HYDROGEL_PACK,XIREC,9995.0,3
480500,,,VELVETFRUIT_EXTRACT,XIREC,5240.0,3
480900,,,HYDROGEL_PACK,XIREC,9994.0,2
481400,,SUBMISSION,HYDROGEL_PACK,XIREC,9996.0,2
481400,,,HYDROGEL_PACK,XIREC,9996.0,2
481500,,SUBMISSION,HYDROGEL_PACK,XIREC,9999.0,5
481600,,SUBMISSION,HYDROGEL_PACK,XIREC,10001.0,1
482400,,,HYDROGEL_PACK,XIREC,10013.0,3
483400,,SUBMISSION,VELVETFRUIT_EXTRACT,XIREC,5248.0,3
483400,SUBMISSION,,VEV_5300,XIREC,40.0,5
483400,SUBMISSION,,VEV_5400,XIREC,12.0,5
483400,SUBMISSION,,VEV_5500,XIREC,4.0,5
483400,,,VEV_6000,XIREC,0.0,5
483400,,,VEV_6500,XIREC,0.0,5
486000,,,VELVETFRUIT_EXTRACT,XIREC,5237.0,5
486200,,,VELVETFRUIT_EXTRACT,XIREC,5242.0,8
486700,,,VELVETFRUIT_EXTRACT,XIREC,5236.0,8
488200,,,HYDROGEL_PACK,XIREC,9994.0,2
488600,,SUBMISSION,VEV_4000,XIREC,1242.0,2
488700,,,HYDROGEL_PACK,XIREC,9985.0,5
490600,,SUBMISSION,VEV_4000,XIREC,1246.0,2
492000,,,VELVETFRUIT_EXTRACT,XIREC,5241.0,5
493000,,,VELVETFRUIT_EXTRACT,XIREC,5240.0,12
493500,,SUBMISSION,HYDROGEL_PACK,XIREC,10002.0,1
493500,,,VELVETFRUIT_EXTRACT,XIREC,5239.0,6
493800,,,HYDROGEL_PACK,XIREC,10020.0,6
493900,,SUBMISSION,HYDROGEL_PACK,XIREC,10010.0,1
494300,,,VELVETFRUIT_EXTRACT,XIREC,5244.0,6
495100,,SUBMISSION,VELVETFRUIT_EXTRACT,XIREC,5246.0,8
495700,SUBMISSION,,VEV_5400,XIREC,11.0,5
495700,SUBMISSION,,VEV_5500,XIREC,4.0,5
495700,,,HYDROGEL_PACK,XIREC,9985.0,3
495700,,,VEV_6000,XIREC,0.0,5
495700,,,VEV_6500,XIREC,0.0,5
498100,SUBMISSION,,VELVETFRUIT_EXTRACT,XIREC,5243.0,2
498100,,,VELVETFRUIT_EXTRACT,XIREC,5242.0,6
498500,,,HYDROGEL_PACK,XIREC,9977.0,4
499900,,SUBMISSION,VEV_4000,XIREC,1251.0,3
500000,,SUBMISSION,VELVETFRUIT_EXTRACT,XIREC,5247.0,3
500600,,,HYDROGEL_PACK,XIREC,9976.0,5
501300,,SUBMISSION,VELVETFRUIT_EXTRACT,XIREC,5246.0,7
501600,,,HYDROGEL_PACK,XIREC,9976.0,4
501900,SUBMISSION,,VEV_5300,XIREC,38.0,3
501900,SUBMISSION,,VEV_5400,XIREC,11.0,3
501900,SUBMISSION,,VEV_5500,XIREC,4.0,3
501900,,,VEV_6000,XIREC,0.0,3
501900,,,VEV_6500,XIREC,0.0,3
503600,,,HYDROGEL_PACK,XIREC,9975.0,2
505100,SUBMISSION,,VELVETFRUIT_EXTRACT,XIREC,5233.0,6
505100,,,VELVETFRUIT_EXTRACT,XIREC,5232.0,1
507400,SUBMISSION,,VELVETFRUIT_EXTRACT,XIREC,5235.0,4
508800,SUBMISSION,,VEV_5400,XIREC,10.0,5
508800,SUBMISSION,,VEV_5500,XIREC,3.0,5
508800,,,VEV_6000,XIREC,0.0,5
508800,,,VEV_6500,XIREC,0.0,5
511000,,,HYDROGEL_PACK,XIREC,9989.0,6
512800,,,HYDROGEL_PACK,XIREC,9982.0,4
513600,,SUBMISSION,VELVETFRUIT_EXTRACT,XIREC,5243.0,5
516500,SUBMISSION,,HYDROGEL_PACK,XIREC,9978.0,5
516500,,SUBMISSION,VELVETFRUIT_EXTRACT,XIREC,5248.0,54
516600,,SUBMISSION,VELVETFRUIT_EXTRACT,XIREC,5247.0,66
516700,,SUBMISSION,VELVETFRUIT_EXTRACT,XIREC,5247.0,54
516800,,SUBMISSION,VELVETFRUIT_EXTRACT,XIREC,5246.0,67
516900,,SUBMISSION,VELVETFRUIT_EXTRACT,XIREC,5246.0,51
518300,,SUBMISSION,VELVETFRUIT_EXTRACT,XIREC,5247.0,15
519600,SUBMISSION,,VEV_5200,XIREC,87.0,5
519600,SUBMISSION,,VEV_5300,XIREC,40.0,5
519600,SUBMISSION,,VEV_5400,XIREC,12.0,5
519600,SUBMISSION,,VEV_5500,XIREC,4.0,5
519600,,,VEV_6000,XIREC,0.0,5
519600,,,VEV_6500,XIREC,0.0,5
519800,,,HYDROGEL_PACK,XIREC,9982.0,6
519800,,,VELVETFRUIT_EXTRACT,XIREC,5243.0,5
521000,,SUBMISSION,VEV_4000,XIREC,1252.0,1
521700,,SUBMISSION,VELVETFRUIT_EXTRACT,XIREC,5243.0,8
523000,,SUBMISSION,VELVETFRUIT_EXTRACT,XIREC,5248.0,10
523300,,SUBMISSION,VELVETFRUIT_EXTRACT,XIREC,5248.0,9
524600,SUBMISSION,,HYDROGEL_PACK,XIREC,9970.0,5
526300,SUBMISSION,,HYDROGEL_PACK,XIREC,9967.0,3
527200,,,VELVETFRUIT_EXTRACT,XIREC,5244.0,7
527300,,SUBMISSION,VELVETFRUIT_EXTRACT,XIREC,5247.0,5
529800,,SUBMISSION,VELVETFRUIT_EXTRACT,XIREC,5248.0,3
530600,,SUBMISSION,VELVETFRUIT_EXTRACT,XIREC,5245.0,5
530900,,,HYDROGEL_PACK,XIREC,9988.0,3
533300,,,VELVETFRUIT_EXTRACT,XIREC,5243.0,3
534700,SUBMISSION,,HYDROGEL_PACK,XIREC,9959.0,3
534900,,,HYDROGEL_PACK,XIREC,9976.0,3
535100,SUBMISSION,,HYDROGEL_PACK,XIREC,9962.0,2
536500,,SUBMISSION,VEV_4000,XIREC,1247.0,2
538700,,SUBMISSION,VELVETFRUIT_EXTRACT,XIREC,5246.0,5
540500,,,HYDROGEL_PACK,XIREC,9982.0,2
540600,,,HYDROGEL_PACK,XIREC,9980.0,2
541400,,,VELVETFRUIT_EXTRACT,XIREC,5243.0,8
543800,,,HYDROGEL_PACK,XIREC,9975.0,6
543900,SUBMISSION,,VEV_4000,XIREC,1236.0,1
544400,,,HYDROGEL_PACK,XIREC,9976.0,6
544700,,,VELVETFRUIT_EXTRACT,XIREC,5243.0,8
545400,,,VELVETFRUIT_EXTRACT,XIREC,5240.0,7
545900,,,VELVETFRUIT_EXTRACT,XIREC,5238.0,5
547000,SUBMISSION,,HYDROGEL_PACK,XIREC,9970.0,6
547100,SUBMISSION,,VELVETFRUIT_EXTRACT,XIREC,5237.0,13
547100,SUBMISSION,,VELVETFRUIT_EXTRACT,XIREC,5237.0,13
548000,SUBMISSION,,VELVETFRUIT_EXTRACT,XIREC,5236.0,5
548500,SUBMISSION,,HYDROGEL_PACK,XIREC,9964.0,6
548600,SUBMISSION,,VEV_5300,XIREC,36.0,2
548600,,,VEV_6000,XIREC,0.0,2
548600,,,VEV_6500,XIREC,0.0,2
548900,,,VELVETFRUIT_EXTRACT,XIREC,5240.0,7
549700,SUBMISSION,,VELVETFRUIT_EXTRACT,XIREC,5237.0,20
550000,SUBMISSION,,VELVETFRUIT_EXTRACT,XIREC,5237.0,20
550100,SUBMISSION,,VELVETFRUIT_EXTRACT,XIREC,5236.0,53
550200,SUBMISSION,,VELVETFRUIT_EXTRACT,XIREC,5235.0,9
550300,SUBMISSION,,VELVETFRUIT_EXTRACT,XIREC,5235.0,1
550500,SUBMISSION,,VELVETFRUIT_EXTRACT,XIREC,5238.0,1
551500,SUBMISSION,,HYDROGEL_PACK,XIREC,9966.0,12
551500,SUBMISSION,,VELVETFRUIT_EXTRACT,XIREC,5239.0,6
551600,SUBMISSION,,HYDROGEL_PACK,XIREC,9965.0,14
551600,SUBMISSION,,HYDROGEL_PACK,XIREC,9968.0,29
551700,SUBMISSION,,HYDROGEL_PACK,XIREC,9965.0,11
551700,SUBMISSION,,HYDROGEL_PACK,XIREC,9968.0,30
551800,SUBMISSION,,HYDROGEL_PACK,XIREC,9966.0,13
551800,SUBMISSION,,HYDROGEL_PACK,XIREC,9968.0,28
551900,SUBMISSION,,HYDROGEL_PACK,XIREC,9965.0,15
551900,SUBMISSION,,HYDROGEL_PACK,XIREC,9968.0,22
552100,SUBMISSION,,HYDROGEL_PACK,XIREC,9970.0,10
552700,SUBMISSION,,VELVETFRUIT_EXTRACT,XIREC,5238.0,4
552900,SUBMISSION,,VELVETFRUIT_EXTRACT,XIREC,5237.0,1
553300,SUBMISSION,,HYDROGEL_PACK,XIREC,9969.0,15
553400,SUBMISSION,,HYDROGEL_PACK,XIREC,9968.0,10
553400,,,HYDROGEL_PACK,XIREC,9968.0,2
553500,SUBMISSION,,HYDROGEL_PACK,XIREC,9968.0,12
553600,SUBMISSION,,HYDROGEL_PACK,XIREC,9969.0,12
553700,SUBMISSION,,HYDROGEL_PACK,XIREC,9966.0,11
553700,SUBMISSION,,HYDROGEL_PACK,XIREC,9968.0,20
553800,SUBMISSION,,HYDROGEL_PACK,XIREC,9968.0,14
553800,SUBMISSION,,VELVETFRUIT_EXTRACT,XIREC,5238.0,3
553900,SUBMISSION,,HYDROGEL_PACK,XIREC,9967.0,13
554000,SUBMISSION,,HYDROGEL_PACK,XIREC,9967.0,11
554100,SUBMISSION,,HYDROGEL_PACK,XIREC,9966.0,15
554200,SUBMISSION,,HYDROGEL_PACK,XIREC,9964.0,15
554200,SUBMISSION,,HYDROGEL_PACK,XIREC,9966.0,29
554300,SUBMISSION,,HYDROGEL_PACK,XIREC,9964.0,9
554600,SUBMISSION,,VELVETFRUIT_EXTRACT,XIREC,5241.0,7
554600,SUBMISSION,,VEV_5400,XIREC,11.0,5
554600,SUBMISSION,,VEV_5500,XIREC,4.0,5
554600,,,VEV_5300,XIREC,38.0,5
554600,,,VEV_6000,XIREC,0.0,5
554600,,,VEV_6500,XIREC,0.0,5
555000,,SUBMISSION,VELVETFRUIT_EXTRACT,XIREC,5245.0,3
555700,SUBMISSION,,VELVETFRUIT_EXTRACT,XIREC,5240.0,7
555700,SUBMISSION,,VEV_5400,XIREC,11.0,3
555700,SUBMISSION,,VEV_5500,XIREC,4.0,3
555700,,,VEV_6000,XIREC,0.0,3
555700,,,VEV_6500,XIREC,0.0,3
556000,,,HYDROGEL_PACK,XIREC,9976.0,5
556100,,,HYDROGEL_PACK,XIREC,9976.0,5
556700,SUBMISSION,,VELVETFRUIT_EXTRACT,XIREC,5239.0,8
558400,SUBMISSION,,VELVETFRUIT_EXTRACT,XIREC,5239.0,1
558800,,,VELVETFRUIT_EXTRACT,XIREC,5241.0,8
558900,,SUBMISSION,VELVETFRUIT_EXTRACT,XIREC,5241.0,7
560100,SUBMISSION,,VELVETFRUIT_EXTRACT,XIREC,5238.0,7
560800,,SUBMISSION,HYDROGEL_PACK,XIREC,9988.0,10
561000,,SUBMISSION,HYDROGEL_PACK,XIREC,9995.0,4
561100,SUBMISSION,,VELVETFRUIT_EXTRACT,XIREC,5235.0,6
561300,SUBMISSION,,VELVETFRUIT_EXTRACT,XIREC,5235.0,3
561600,SUBMISSION,,VELVETFRUIT_EXTRACT,XIREC,5238.0,3
562200,SUBMISSION,,VELVETFRUIT_EXTRACT,XIREC,5235.0,2
563200,SUBMISSION,,VEV_4000,XIREC,1234.0,3
563700,,SUBMISSION,VEV_4000,XIREC,1241.0,1
564900,SUBMISSION,,VELVETFRUIT_EXTRACT,XIREC,5234.0,6
565000,SUBMISSION,,VELVETFRUIT_EXTRACT,XIREC,5237.0,4
566100,SUBMISSION,,VELVETFRUIT_EXTRACT,XIREC,5234.0,3
566200,SUBMISSION,,VELVETFRUIT_EXTRACT,XIREC,5235.0,1
566300,,,VELVETFRUIT_EXTRACT,XIREC,5235.0,5
566400,SUBMISSION,,VELVETFRUIT_EXTRACT,XIREC,5235.0,1
566700,SUBMISSION,,VELVETFRUIT_EXTRACT,XIREC,5234.0,1
566700,SUBMISSION,,VEV_5400,XIREC,9.0,2
566700,SUBMISSION,,VEV_5500,XIREC,3.0,2
566700,,,VEV_6000,XIREC,0.0,2
566700,,,VEV_6500,XIREC,0.0,2
567000,SUBMISSION,,VELVETFRUIT_EXTRACT,XIREC,5234.0,1
567300,SUBMISSION,,VELVETFRUIT_EXTRACT,XIREC,5234.0,1
567600,SUBMISSION,,VELVETFRUIT_EXTRACT,XIREC,5233.0,1
567900,SUBMISSION,,VELVETFRUIT_EXTRACT,XIREC,5232.0,1
568200,SUBMISSION,,VELVETFRUIT_EXTRACT,XIREC,5229.0,1
568500,SUBMISSION,,HYDROGEL_PACK,XIREC,9972.0,2
568500,SUBMISSION,,VELVETFRUIT_EXTRACT,XIREC,5231.0,1
568800,SUBMISSION,,VELVETFRUIT_EXTRACT,XIREC,5232.0,1
568900,SUBMISSION,,VELVETFRUIT_EXTRACT,XIREC,5228.0,13
569800,SUBMISSION,,VELVETFRUIT_EXTRACT,XIREC,5226.0,5
571300,SUBMISSION,,VEV_4000,XIREC,1224.0,3
573500,SUBMISSION,,VELVETFRUIT_EXTRACT,XIREC,5233.0,5
573500,SUBMISSION,,VEV_4000,XIREC,1229.0,2
573700,,,VELVETFRUIT_EXTRACT,XIREC,5237.0,3
573800,,SUBMISSION,HYDROGEL_PACK,XIREC,9988.0,3
574200,,SUBMISSION,HYDROGEL_PACK,XIREC,9987.0,6
575100,SUBMISSION,,VEV_5400,XIREC,9.0,4
575100,SUBMISSION,,VEV_5500,XIREC,3.0,4
575100,,,VEV_6000,XIREC,0.0,4
575100,,,VEV_6500,XIREC,0.0,4
576300,,SUBMISSION,HYDROGEL_PACK,XIREC,9988.0,10
576500,,SUBMISSION,HYDROGEL_PACK,XIREC,9988.0,11
576500,SUBMISSION,,VELVETFRUIT_EXTRACT,XIREC,5226.0,7
576700,,SUBMISSION,HYDROGEL_PACK,XIREC,9999.0,5
577700,SUBMISSION,,VELVETFRUIT_EXTRACT,XIREC,5224.0,8
578300,,SUBMISSION,HYDROGEL_PACK,XIREC,9991.0,6
578300,SUBMISSION,,VELVETFRUIT_EXTRACT,XIREC,5224.0,8
581600,,SUBMISSION,HYDROGEL_PACK,XIREC,9999.0,2
582600,,,HYDROGEL_PACK,XIREC,9980.0,4
583700,,SUBMISSION,HYDROGEL_PACK,XIREC,9991.0,11
583700,,SUBMISSION,HYDROGEL_PACK,XIREC,9989.0,30
583800,,SUBMISSION,HYDROGEL_PACK,XIREC,9993.0,10
583800,,SUBMISSION,HYDROGEL_PACK,XIREC,9991.0,26
583900,,SUBMISSION,HYDROGEL_PACK,XIREC,9994.0,14
583900,,SUBMISSION,HYDROGEL_PACK,XIREC,9992.0,26
584000,,SUBMISSION,HYDROGEL_PACK,XIREC,9992.0,10
584000,,SUBMISSION,HYDROGEL_PACK,XIREC,9989.0,25
584100,,SUBMISSION,HYDROGEL_PACK,XIREC,9994.0,10
584100,,SUBMISSION,HYDROGEL_PACK,XIREC,9991.0,22
584200,,SUBMISSION,HYDROGEL_PACK,XIREC,9994.0,13
584200,,SUBMISSION,HYDROGEL_PACK,XIREC,9991.0,27
584300,,SUBMISSION,HYDROGEL_PACK,XIREC,9993.0,12
584300,,SUBMISSION,HYDROGEL_PACK,XIREC,9991.0,24
584400,,SUBMISSION,HYDROGEL_PACK,XIREC,9998.0,11
584400,,SUBMISSION,HYDROGEL_PACK,XIREC,9995.0,20
584500,,SUBMISSION,HYDROGEL_PACK,XIREC,10001.0,13
584500,,SUBMISSION,HYDROGEL_PACK,XIREC,9999.0,25
584600,,SUBMISSION,HYDROGEL_PACK,XIREC,10002.0,10
584600,,SUBMISSION,HYDROGEL_PACK,XIREC,9999.0,5
584900,,SUBMISSION,HYDROGEL_PACK,XIREC,10005.0,1
585200,,,HYDROGEL_PACK,XIREC,10005.0,6
586100,SUBMISSION,,VELVETFRUIT_EXTRACT,XIREC,5217.0,1
586600,SUBMISSION,,VELVETFRUIT_EXTRACT,XIREC,5217.0,1
587000,SUBMISSION,,VELVETFRUIT_EXTRACT,XIREC,5215.0,1
587100,SUBMISSION,,VEV_5300,XIREC,28.0,4
587100,SUBMISSION,,VEV_5400,XIREC,7.0,4
587100,SUBMISSION,,VEV_5500,XIREC,2.0,4
587100,,,VEV_6000,XIREC,0.0,4
587100,,,VEV_6500,XIREC,0.0,4
587200,,,VELVETFRUIT_EXTRACT,XIREC,5214.0,6
587500,SUBMISSION,,VELVETFRUIT_EXTRACT,XIREC,5215.0,1
587500,SUBMISSION,,VEV_4000,XIREC,1207.0,1
587700,,,HYDROGEL_PACK,XIREC,10013.0,4
587900,SUBMISSION,,VELVETFRUIT_EXTRACT,XIREC,5215.0,1
588400,SUBMISSION,,VELVETFRUIT_EXTRACT,XIREC,5217.0,1
588400,,,HYDROGEL_PACK,XIREC,10015.0,6
588400,,,VELVETFRUIT_EXTRACT,XIREC,5217.0,5
588500,SUBMISSION,,VEV_5300,XIREC,28.0,4
588500,SUBMISSION,,VEV_5400,XIREC,7.0,4
588500,SUBMISSION,,VEV_5500,XIREC,2.0,4
588500,,,VEV_6000,XIREC,0.0,4
588500,,,VEV_6500,XIREC,0.0,4
588800,SUBMISSION,,VELVETFRUIT_EXTRACT,XIREC,5218.0,1
588800,,,HYDROGEL_PACK,XIREC,10016.0,2
589300,SUBMISSION,,VELVETFRUIT_EXTRACT,XIREC,5218.0,1
589300,,,HYDROGEL_PACK,XIREC,10001.0,3
589400,SUBMISSION,,VELVETFRUIT_EXTRACT,XIREC,5213.0,3
590700,,SUBMISSION,VEV_4000,XIREC,1220.0,1
591200,SUBMISSION,,VELVETFRUIT_EXTRACT,XIREC,5219.0,1
591700,SUBMISSION,,VELVETFRUIT_EXTRACT,XIREC,5219.0,1
592000,,,VELVETFRUIT_EXTRACT,XIREC,5223.0,6
592200,SUBMISSION,,VELVETFRUIT_EXTRACT,XIREC,5223.0,1
592200,,,HYDROGEL_PACK,XIREC,10020.0,4
592700,SUBMISSION,,VELVETFRUIT_EXTRACT,XIREC,5222.0,1
593000,SUBMISSION,,VEV_5400,XIREC,8.0,5
593000,SUBMISSION,,VEV_5500,XIREC,3.0,4
593000,,,VEV_5500,XIREC,3.0,1
593000,,,VEV_6000,XIREC,0.0,5
593000,,,VEV_6500,XIREC,0.0,5
593200,SUBMISSION,,VELVETFRUIT_EXTRACT,XIREC,5222.0,1
593700,SUBMISSION,,VELVETFRUIT_EXTRACT,XIREC,5222.0,1
594200,SUBMISSION,,VELVETFRUIT_EXTRACT,XIREC,5222.0,1
594700,SUBMISSION,,VELVETFRUIT_EXTRACT,XIREC,5222.0,1
595300,SUBMISSION,,VELVETFRUIT_EXTRACT,XIREC,5227.0,1
595800,SUBMISSION,,VELVETFRUIT_EXTRACT,XIREC,5227.0,1
596100,,,HYDROGEL_PACK,XIREC,10002.0,3
596600,,,HYDROGEL_PACK,XIREC,10012.0,6
597500,,,HYDROGEL_PACK,XIREC,10015.0,4
600300,,SUBMISSION,VEV_4000,XIREC,1249.0,2
601600,,,HYDROGEL_PACK,XIREC,10013.0,6
602500,,SUBMISSION,VELVETFRUIT_EXTRACT,XIREC,5246.0,6
603700,,SUBMISSION,VELVETFRUIT_EXTRACT,XIREC,5243.0,15
604100,SUBMISSION,,VEV_5300,XIREC,38.0,2
604100,SUBMISSION,,VEV_5400,XIREC,11.0,2
604100,SUBMISSION,,VEV_5500,XIREC,4.0,2
604100,,,VEV_6000,XIREC,0.0,2
604100,,,VEV_6500,XIREC,0.0,2
604400,,,HYDROGEL_PACK,XIREC,10043.0,3
604500,,SUBMISSION,VELVETFRUIT_EXTRACT,XIREC,5244.0,7
605100,SUBMISSION,,VEV_4000,XIREC,1238.0,3
606100,,SUBMISSION,VELVETFRUIT_EXTRACT,XIREC,5248.0,19
606100,,SUBMISSION,VELVETFRUIT_EXTRACT,XIREC,5247.0,37
607100,,SUBMISSION,VELVETFRUIT_EXTRACT,XIREC,5247.0,1
607200,,SUBMISSION,VELVETFRUIT_EXTRACT,XIREC,5249.0,8
607200,,SUBMISSION,VELVETFRUIT_EXTRACT,XIREC,5247.0,25
607200,,SUBMISSION,VELVETFRUIT_EXTRACT,XIREC,5246.0,39
607400,,SUBMISSION,VEV_4000,XIREC,1254.0,2
607900,,SUBMISSION,VELVETFRUIT_EXTRACT,XIREC,5248.0,63
608100,,SUBMISSION,VELVETFRUIT_EXTRACT,XIREC,5248.0,56
608200,,SUBMISSION,VELVETFRUIT_EXTRACT,XIREC,5249.0,19
608200,,SUBMISSION,VELVETFRUIT_EXTRACT,XIREC,5248.0,12
608800,,,VELVETFRUIT_EXTRACT,XIREC,5255.0,3
608900,,,HYDROGEL_PACK,XIREC,10031.0,2
610900,SUBMISSION,,VEV_4000,XIREC,1244.0,3
610900,,,HYDROGEL_PACK,XIREC,10029.0,5
611300,,,VELVETFRUIT_EXTRACT,XIREC,5244.0,6
612300,,,VELVETFRUIT_EXTRACT,XIREC,5241.0,8
614100,,,VELVETFRUIT_EXTRACT,XIREC,5244.0,10
616700,,,VELVETFRUIT_EXTRACT,XIREC,5237.0,4
617200,,,VELVETFRUIT_EXTRACT,XIREC,5237.0,6
620000,,,HYDROGEL_PACK,XIREC,10010.0,5
620800,,,VELVETFRUIT_EXTRACT,XIREC,5234.0,4
621400,SUBMISSION,,VELVETFRUIT_EXTRACT,XIREC,5230.0,70
621500,SUBMISSION,,VELVETFRUIT_EXTRACT,XIREC,5230.0,61
621600,SUBMISSION,,VELVETFRUIT_EXTRACT,XIREC,5230.0,72
621700,SUBMISSION,,VELVETFRUIT_EXTRACT,XIREC,5230.0,56
621800,SUBMISSION,,VELVETFRUIT_EXTRACT,XIREC,5229.0,73
621900,SUBMISSION,,VELVETFRUIT_EXTRACT,XIREC,5231.0,13
622600,SUBMISSION,,VEV_5400,XIREC,10.0,4
622600,SUBMISSION,,VEV_5500,XIREC,3.0,4
622600,,,VEV_6000,XIREC,0.0,4
622600,,,VEV_6500,XIREC,0.0,4
624000,SUBMISSION,,VEV_4000,XIREC,1231.0,2
624200,SUBMISSION,,VEV_4000,XIREC,1231.0,2
625900,,SUBMISSION,VEV_4000,XIREC,1248.0,2
626300,,SUBMISSION,VELVETFRUIT_EXTRACT,XIREC,5247.0,5
627100,,SUBMISSION,VEV_4000,XIREC,1249.0,3
627400,,SUBMISSION,VELVETFRUIT_EXTRACT,XIREC,5245.0,7
629200,,,VELVETFRUIT_EXTRACT,XIREC,5243.0,5
630700,,,HYDROGEL_PACK,XIREC,10010.0,3
630800,,SUBMISSION,VELVETFRUIT_EXTRACT,XIREC,5241.0,15
631400,,,HYDROGEL_PACK,XIREC,10002.0,3
633100,,,HYDROGEL_PACK,XIREC,10017.0,6
634300,,,HYDROGEL_PACK,XIREC,10009.0,4
634400,,SUBMISSION,VELVETFRUIT_EXTRACT,XIREC,5244.0,5
635100,SUBMISSION,,VEV_4000,XIREC,1240.0,3
636200,,SUBMISSION,VELVETFRUIT_EXTRACT,XIREC,5245.0,15
637900,,SUBMISSION,VEV_4000,XIREC,1251.0,3
638600,,SUBMISSION,VELVETFRUIT_EXTRACT,XIREC,5245.0,15
638900,,SUBMISSION,VELVETFRUIT_EXTRACT,XIREC,5247.0,19
638900,,SUBMISSION,VELVETFRUIT_EXTRACT,XIREC,5246.0,7
640000,,,HYDROGEL_PACK,XIREC,10001.0,2
641500,,SUBMISSION,VELVETFRUIT_EXTRACT,XIREC,5247.0,5
642400,SUBMISSION,,VEV_5400,XIREC,11.0,2
642400,SUBMISSION,,VEV_5500,XIREC,4.0,2
642400,,,VEV_6000,XIREC,0.0,2
642400,,,VEV_6500,XIREC,0.0,2
643000,SUBMISSION,,VELVETFRUIT_EXTRACT,XIREC,5239.0,6
643300,,SUBMISSION,VEV_4000,XIREC,1247.0,1
644500,SUBMISSION,,VEV_5400,XIREC,11.0,4
644500,SUBMISSION,,VEV_5500,XIREC,4.0,3
644500,,,VEV_5500,XIREC,4.0,1
644500,,,VEV_6000,XIREC,0.0,4
644500,,,VEV_6500,XIREC,0.0,4
645000,,,HYDROGEL_PACK,XIREC,10016.0,4
648700,SUBMISSION,,VEV_4000,XIREC,1240.0,3
650000,,,HYDROGEL_PACK,XIREC,10029.0,4
650200,,SUBMISSION,VELVETFRUIT_EXTRACT,XIREC,5245.0,6
650600,,SUBMISSION,VELVETFRUIT_EXTRACT,XIREC,5243.0,8
651100,SUBMISSION,,VELVETFRUIT_EXTRACT,XIREC,5240.0,13
651300,,SUBMISSION,VELVETFRUIT_EXTRACT,XIREC,5246.0,8
653500,,SUBMISSION,VELVETFRUIT_EXTRACT,XIREC,5247.0,50
653800,,SUBMISSION,VELVETFRUIT_EXTRACT,XIREC,5251.0,5
654000,,SUBMISSION,VELVETFRUIT_EXTRACT,XIREC,5248.0,24
654000,,SUBMISSION,VELVETFRUIT_EXTRACT,XIREC,5247.0,33
654100,,SUBMISSION,VELVETFRUIT_EXTRACT,XIREC,5249.0,21
654100,,SUBMISSION,VELVETFRUIT_EXTRACT,XIREC,5248.0,41
654200,,SUBMISSION,VELVETFRUIT_EXTRACT,XIREC,5248.0,61
654300,,SUBMISSION,VELVETFRUIT_EXTRACT,XIREC,5249.0,14
655500,,,HYDROGEL_PACK,XIREC,10024.0,3
656600,,,VELVETFRUIT_EXTRACT,XIREC,5253.0,8
658100,,SUBMISSION,VEV_4000,XIREC,1258.0,3
658300,,,VELVETFRUIT_EXTRACT,XIREC,5249.0,3
659500,,,HYDROGEL_PACK,XIREC,10046.0,5
659800,,,VELVETFRUIT_EXTRACT,XIREC,5256.0,6
661900,,,HYDROGEL_PACK,XIREC,10024.0,6
662600,,,VELVETFRUIT_EXTRACT,XIREC,5251.0,6
663000,,,HYDROGEL_PACK,XIREC,10025.0,2
666500,SUBMISSION,,VEV_5200,XIREC,91.0,2
666500,SUBMISSION,,VEV_5300,XIREC,42.0,2
666500,SUBMISSION,,VEV_5400,XIREC,12.0,2
666500,SUBMISSION,,VEV_5500,XIREC,4.0,2
666500,,,VEV_6000,XIREC,0.0,2
666500,,,VEV_6500,XIREC,0.0,2
667800,,,VELVETFRUIT_EXTRACT,XIREC,5262.0,5
669900,,SUBMISSION,VEV_4000,XIREC,1270.0,3
672600,,,VELVETFRUIT_EXTRACT,XIREC,5271.0,3
672800,,,VELVETFRUIT_EXTRACT,XIREC,5271.0,10
673000,,,VELVETFRUIT_EXTRACT,XIREC,5270.0,5
673600,,,VELVETFRUIT_EXTRACT,XIREC,5275.0,6
674000,,,HYDROGEL_PACK,XIREC,10015.0,2
674400,,,HYDROGEL_PACK,XIREC,10012.0,4
675300,,,HYDROGEL_PACK,XIREC,10017.0,2
675600,,,HYDROGEL_PACK,XIREC,10018.0,3
675600,,,VELVETFRUIT_EXTRACT,XIREC,5272.0,7
676600,,SUBMISSION,VEV_4000,XIREC,1274.0,2
678700,,,HYDROGEL_PACK,XIREC,10013.0,6
679000,,,VELVETFRUIT_EXTRACT,XIREC,5273.0,5
681000,,,HYDROGEL_PACK,XIREC,10010.0,5
682800,,,VELVETFRUIT_EXTRACT,XIREC,5283.0,6
683900,,,VELVETFRUIT_EXTRACT,XIREC,5283.0,3
684500,,,VELVETFRUIT_EXTRACT,XIREC,5273.0,7
686100,SUBMISSION,,HYDROGEL_PACK,XIREC,9997.0,6
686400,,,VELVETFRUIT_EXTRACT,XIREC,5274.0,8
686700,,,HYDROGEL_PACK,XIREC,10016.0,5
687700,,,VELVETFRUIT_EXTRACT,XIREC,5269.0,7
687700,,,VELVETFRUIT_EXTRACT,XIREC,5271.0,5
688500,,,VELVETFRUIT_EXTRACT,XIREC,5272.0,3
688600,SUBMISSION,,VEV_5400,XIREC,16.0,2
688600,SUBMISSION,,VEV_5500,XIREC,6.0,2
688600,,,VEV_6000,XIREC,0.0,2
688600,,,VEV_6500,XIREC,0.0,2
689700,,,HYDROGEL_PACK,XIREC,9997.0,5
690500,SUBMISSION,,VEV_4000,XIREC,1268.0,1
690600,,,VELVETFRUIT_EXTRACT,XIREC,5275.0,5
690800,SUBMISSION,,HYDROGEL_PACK,XIREC,9991.0,5
691100,SUBMISSION,,VEV_5400,XIREC,15.0,4
691100,SUBMISSION,,VEV_5500,XIREC,6.0,3
691100,,,VEV_5400,XIREC,15.0,1
691100,,,VEV_5500,XIREC,6.0,2
691100,,,VEV_6000,XIREC,0.0,5
691100,,,VEV_6500,XIREC,0.0,5
691200,,,VELVETFRUIT_EXTRACT,XIREC,5271.0,7
691600,SUBMISSION,,HYDROGEL_PACK,XIREC,9991.0,5
692000,,SUBMISSION,VEV_4000,XIREC,1277.0,1
692100,,,VELVETFRUIT_EXTRACT,XIREC,5272.0,8
692500,,,VELVETFRUIT_EXTRACT,XIREC,5268.0,6
693900,,,VELVETFRUIT_EXTRACT,XIREC,5271.0,3
694400,,,VELVETFRUIT_EXTRACT,XIREC,5271.0,3
694500,,SUBMISSION,HYDROGEL_PACK,XIREC,10015.0,4
695800,SUBMISSION,,VEV_5500,XIREC,5.0,3
695800,,,VEV_5500,XIREC,5.0,2
695800,,,VEV_6000,XIREC,0.0,5
695800,,,VEV_6500,XIREC,0.0,5
696000,,SUBMISSION,HYDROGEL_PACK,XIREC,10015.0,2
697000,,,HYDROGEL_PACK,XIREC,10017.0,4
697400,,,HYDROGEL_PACK,XIREC,10018.0,2
698800,,,HYDROGEL_PACK,XIREC,9999.0,2
699800,SUBMISSION,,VEV_4000,XIREC,1265.0,3
700500,,,VELVETFRUIT_EXTRACT,XIREC,5264.0,10
701000,,,VELVETFRUIT_EXTRACT,XIREC,5263.0,4
701400,,SUBMISSION,HYDROGEL_PACK,XIREC,10012.0,10
702100,,,VELVETFRUIT_EXTRACT,XIREC,5265.0,5
702200,,,VELVETFRUIT_EXTRACT,XIREC,5260.0,3
704600,,,VELVETFRUIT_EXTRACT,XIREC,5265.0,8
705100,,,VELVETFRUIT_EXTRACT,XIREC,5267.0,7
705700,,,VELVETFRUIT_EXTRACT,XIREC,5261.0,4
705900,,,HYDROGEL_PACK,XIREC,10032.0,6
707900,,,HYDROGEL_PACK,XIREC,10021.0,6
711200,SUBMISSION,,VEV_4000,XIREC,1253.0,3
711900,SUBMISSION,,VEV_5300,XIREC,43.0,3
711900,SUBMISSION,,VEV_5400,XIREC,13.0,3
711900,SUBMISSION,,VEV_5500,XIREC,5.0,3
711900,,,VEV_6000,XIREC,0.0,3
711900,,,VEV_6500,XIREC,0.0,3
713000,,,VELVETFRUIT_EXTRACT,XIREC,5255.0,8
714900,SUBMISSION,,VELVETFRUIT_EXTRACT,XIREC,5246.0,21
715300,SUBMISSION,,VELVETFRUIT_EXTRACT,XIREC,5244.0,8
715300,SUBMISSION,,VELVETFRUIT_EXTRACT,XIREC,5244.0,8
715500,,,HYDROGEL_PACK,XIREC,10036.0,6
716100,SUBMISSION,,VELVETFRUIT_EXTRACT,XIREC,5248.0,14
716900,,,HYDROGEL_PACK,XIREC,10028.0,3
717300,SUBMISSION,,VELVETFRUIT_EXTRACT,XIREC,5244.0,12
717300,SUBMISSION,,VELVETFRUIT_EXTRACT,XIREC,5244.0,12
717800,SUBMISSION,,VELVETFRUIT_EXTRACT,XIREC,5247.0,19
718000,SUBMISSION,,VELVETFRUIT_EXTRACT,XIREC,5247.0,56
718100,SUBMISSION,,VELVETFRUIT_EXTRACT,XIREC,5245.0,17
718100,SUBMISSION,,VELVETFRUIT_EXTRACT,XIREC,5246.0,49
718200,SUBMISSION,,VELVETFRUIT_EXTRACT,XIREC,5245.0,63
718300,SUBMISSION,,VELVETFRUIT_EXTRACT,XIREC,5246.0,52
718400,SUBMISSION,,VELVETFRUIT_EXTRACT,XIREC,5245.0,22
718400,SUBMISSION,,VELVETFRUIT_EXTRACT,XIREC,5246.0,37
718500,SUBMISSION,,VELVETFRUIT_EXTRACT,XIREC,5244.0,2
719000,,,HYDROGEL_PACK,XIREC,10033.0,5
720500,,,VELVETFRUIT_EXTRACT,XIREC,5237.0,11
721200,,,VELVETFRUIT_EXTRACT,XIREC,5239.0,3
722300,,,VELVETFRUIT_EXTRACT,XIREC,5242.0,4
726100,,,VELVETFRUIT_EXTRACT,XIREC,5231.0,5
726600,SUBMISSION,,VEV_5400,XIREC,8.0,2
726600,SUBMISSION,,VEV_5500,XIREC,3.0,2
726600,,,VEV_6000,XIREC,0.0,2
726600,,,VEV_6500,XIREC,0.0,2
727700,,,HYDROGEL_PACK,XIREC,10040.0,6
727900,SUBMISSION,,VEV_4000,XIREC,1227.0,2
730300,,,VELVETFRUIT_EXTRACT,XIREC,5223.0,5
733200,SUBMISSION,,VEV_5400,XIREC,8.0,3
733200,SUBMISSION,,VEV_5500,XIREC,3.0,2
733200,,,VEV_5400,XIREC,8.0,1
733200,,,VEV_5500,XIREC,3.0,2
733200,,,VEV_6000,XIREC,0.0,4
733200,,,VEV_6500,XIREC,0.0,4
734200,,,HYDROGEL_PACK,XIREC,10029.0,5
735100,,,VELVETFRUIT_EXTRACT,XIREC,5227.0,3
736100,,SUBMISSION,VEV_4000,XIREC,1234.0,1
736200,SUBMISSION,,HYDROGEL_PACK,XIREC,10005.0,6
737300,,,HYDROGEL_PACK,XIREC,10014.0,6
737500,,,VELVETFRUIT_EXTRACT,XIREC,5226.0,3
737600,,,VELVETFRUIT_EXTRACT,XIREC,5221.0,5
738000,,,VELVETFRUIT_EXTRACT,XIREC,5220.0,8
738500,,,VELVETFRUIT_EXTRACT,XIREC,5216.0,4
738800,,,VELVETFRUIT_EXTRACT,XIREC,5215.0,3
739000,SUBMISSION,,HYDROGEL_PACK,XIREC,9997.0,4
739600,,SUBMISSION,VEV_4000,XIREC,1222.0,3
739900,,,VELVETFRUIT_EXTRACT,XIREC,5217.0,4
740000,SUBMISSION,,HYDROGEL_PACK,XIREC,10002.0,4
740300,,,VELVETFRUIT_EXTRACT,XIREC,5216.0,7
742000,,,VELVETFRUIT_EXTRACT,XIREC,5213.0,8
743500,SUBMISSION,,HYDROGEL_PACK,XIREC,10004.0,5
744200,,,VELVETFRUIT_EXTRACT,XIREC,5208.0,8
746900,,SUBMISSION,VEV_4000,XIREC,1216.0,1
747700,SUBMISSION,,HYDROGEL_PACK,XIREC,9989.0,3
748500,SUBMISSION,,VEV_5300,XIREC,28.0,2
748500,SUBMISSION,,VEV_5500,XIREC,2.0,2
748500,,,VEV_6000,XIREC,0.0,2
748500,,,VEV_6500,XIREC,0.0,2
749400,,SUBMISSION,HYDROGEL_PACK,XIREC,10015.0,5
750200,,,HYDROGEL_PACK,XIREC,10006.0,3
751300,,,VELVETFRUIT_EXTRACT,XIREC,5211.0,5
752100,,SUBMISSION,HYDROGEL_PACK,XIREC,10011.0,6
752300,,SUBMISSION,VEV_4000,XIREC,1225.0,2
752500,SUBMISSION,,HYDROGEL_PACK,XIREC,9998.0,5
753400,,,HYDROGEL_PACK,XIREC,10008.0,4
755000,SUBMISSION,,HYDROGEL_PACK,XIREC,10003.0,4
756000,,,VELVETFRUIT_EXTRACT,XIREC,5225.0,7
757200,,SUBMISSION,VEV_4000,XIREC,1225.0,2
758100,,SUBMISSION,HYDROGEL_PACK,XIREC,10018.0,5
758100,,,VELVETFRUIT_EXTRACT,XIREC,5213.0,8
759500,,,HYDROGEL_PACK,XIREC,10016.0,2
759900,,SUBMISSION,HYDROGEL_PACK,XIREC,10019.0,14
760200,,SUBMISSION,HYDROGEL_PACK,XIREC,10022.0,1
761800,,,VELVETFRUIT_EXTRACT,XIREC,5224.0,7
762200,,SUBMISSION,VEV_4000,XIREC,1231.0,2
762600,,,VELVETFRUIT_EXTRACT,XIREC,5225.0,6
762800,,,VELVETFRUIT_EXTRACT,XIREC,5231.0,6
763500,SUBMISSION,,VEV_5400,XIREC,7.0,3
763500,SUBMISSION,,VEV_5500,XIREC,2.0,2
763500,,,VEV_5400,XIREC,7.0,2
763500,,,VEV_5500,XIREC,2.0,3
763500,,,VEV_6000,XIREC,0.0,5
763500,,,VEV_6500,XIREC,0.0,5
764000,SUBMISSION,,VEV_5300,XIREC,32.0,3
764000,SUBMISSION,,VEV_5400,XIREC,8.0,3
764000,SUBMISSION,,VEV_5500,XIREC,2.0,2
764000,,,VEV_5500,XIREC,2.0,1
764000,,,VEV_6000,XIREC,0.0,3
764000,,,VEV_6500,XIREC,0.0,3
766000,,,VELVETFRUIT_EXTRACT,XIREC,5228.0,4
766500,,,HYDROGEL_PACK,XIREC,10039.0,4
767700,,,HYDROGEL_PACK,XIREC,10043.0,6
771300,,,HYDROGEL_PACK,XIREC,10051.0,4
771600,,,VELVETFRUIT_EXTRACT,XIREC,5230.0,12
771800,,,VELVETFRUIT_EXTRACT,XIREC,5237.0,6
773800,,,VELVETFRUIT_EXTRACT,XIREC,5234.0,8
774200,,SUBMISSION,VEV_4000,XIREC,1239.0,2
775300,,,HYDROGEL_PACK,XIREC,10028.0,4
775500,,SUBMISSION,VELVETFRUIT_EXTRACT,XIREC,5241.0,7
777200,,,VELVETFRUIT_EXTRACT,XIREC,5238.0,10
779200,SUBMISSION,,VEV_5300,XIREC,37.0,4
779200,SUBMISSION,,VEV_5400,XIREC,10.0,3
779200,SUBMISSION,,VEV_5500,XIREC,3.0,2
779200,,,VEV_5400,XIREC,10.0,1
779200,,,VEV_5500,XIREC,3.0,2
779200,,,VEV_6000,XIREC,0.0,4
779200,,,VEV_6500,XIREC,0.0,4
779700,,SUBMISSION,VELVETFRUIT_EXTRACT,XIREC,5242.0,4
780000,,,HYDROGEL_PACK,XIREC,10035.0,3
781100,,SUBMISSION,VELVETFRUIT_EXTRACT,XIREC,5241.0,7
781500,SUBMISSION,,VELVETFRUIT_EXTRACT,XIREC,5236.0,6
781500,,,VELVETFRUIT_EXTRACT,XIREC,5235.0,1
781900,SUBMISSION,,VELVETFRUIT_EXTRACT,XIREC,5236.0,5
783400,SUBMISSION,,VELVETFRUIT_EXTRACT,XIREC,5239.0,6
784000,,,HYDROGEL_PACK,XIREC,10014.0,6
787000,,SUBMISSION,VELVETFRUIT_EXTRACT,XIREC,5250.0,6
787400,,,HYDROGEL_PACK,XIREC,10012.0,5
791700,,,VELVETFRUIT_EXTRACT,XIREC,5243.0,6
792000,SUBMISSION,,HYDROGEL_PACK,XIREC,10003.0,11
792100,SUBMISSION,,HYDROGEL_PACK,XIREC,10003.0,14
792200,SUBMISSION,,HYDROGEL_PACK,XIREC,10003.0,14
792300,SUBMISSION,,HYDROGEL_PACK,XIREC,10003.0,13
792400,SUBMISSION,,HYDROGEL_PACK,XIREC,10002.0,13
792500,SUBMISSION,,HYDROGEL_PACK,XIREC,10001.0,15
792500,SUBMISSION,,HYDROGEL_PACK,XIREC,10004.0,20
792800,SUBMISSION,,HYDROGEL_PACK,XIREC,10000.0,14
792800,SUBMISSION,,HYDROGEL_PACK,XIREC,10002.0,21
792900,SUBMISSION,,HYDROGEL_PACK,XIREC,9996.0,13
792900,SUBMISSION,,HYDROGEL_PACK,XIREC,9998.0,27
793000,SUBMISSION,,HYDROGEL_PACK,XIREC,9998.0,14
793000,SUBMISSION,,HYDROGEL_PACK,XIREC,10001.0,11
793900,,SUBMISSION,VELVETFRUIT_EXTRACT,XIREC,5242.0,5
793900,SUBMISSION,,VEV_5400,XIREC,10.0,2
793900,SUBMISSION,,VEV_5500,XIREC,3.0,2
793900,,,VEV_6000,XIREC,0.0,2
793900,,,VEV_6500,XIREC,0.0,2
794800,SUBMISSION,,HYDROGEL_PACK,XIREC,9996.0,13
794800,SUBMISSION,,HYDROGEL_PACK,XIREC,9999.0,26
794900,SUBMISSION,,HYDROGEL_PACK,XIREC,9994.0,13
794900,SUBMISSION,,HYDROGEL_PACK,XIREC,9996.0,30
795000,SUBMISSION,,HYDROGEL_PACK,XIREC,9995.0,7
795100,SUBMISSION,,HYDROGEL_PACK,XIREC,9994.0,15
795100,SUBMISSION,,HYDROGEL_PACK,XIREC,9997.0,8
795200,SUBMISSION,,HYDROGEL_PACK,XIREC,9992.0,10
795200,SUBMISSION,,HYDROGEL_PACK,XIREC,9995.0,26
795400,SUBMISSION,,HYDROGEL_PACK,XIREC,9979.0,6
796100,,SUBMISSION,VELVETFRUIT_EXTRACT,XIREC,5244.0,5
796200,SUBMISSION,,HYDROGEL_PACK,XIREC,9991.0,7
796300,SUBMISSION,,HYDROGEL_PACK,XIREC,9989.0,10
796300,SUBMISSION,,HYDROGEL_PACK,XIREC,9992.0,7
796600,,SUBMISSION,VELVETFRUIT_EXTRACT,XIREC,5243.0,7
796800,SUBMISSION,,VEV_4000,XIREC,1233.0,1
798800,SUBMISSION,,VELVETFRUIT_EXTRACT,XIREC,5241.0,7
798800,,,VELVETFRUIT_EXTRACT,XIREC,5241.0,12
798900,,SUBMISSION,VELVETFRUIT_EXTRACT,XIREC,5244.0,8
800000,,SUBMISSION,VELVETFRUIT_EXTRACT,XIREC,5247.0,17
800000,,SUBMISSION,VEV_4000,XIREC,1255.0,1
800100,,SUBMISSION,VELVETFRUIT_EXTRACT,XIREC,5247.0,16
800300,,SUBMISSION,VELVETFRUIT_EXTRACT,XIREC,5247.0,24
800400,,SUBMISSION,VELVETFRUIT_EXTRACT,XIREC,5248.0,16
800400,,SUBMISSION,VELVETFRUIT_EXTRACT,XIREC,5247.0,39
800500,,SUBMISSION,VELVETFRUIT_EXTRACT,XIREC,5249.0,23
800500,,SUBMISSION,VELVETFRUIT_EXTRACT,XIREC,5248.0,34
800600,,SUBMISSION,VELVETFRUIT_EXTRACT,XIREC,5249.0,45
800700,,SUBMISSION,VELVETFRUIT_EXTRACT,XIREC,5249.0,50
800800,,SUBMISSION,VELVETFRUIT_EXTRACT,XIREC,5248.0,47
800900,,SUBMISSION,VELVETFRUIT_EXTRACT,XIREC,5250.0,56
802600,,,VELVETFRUIT_EXTRACT,XIREC,5252.0,7
802700,,,HYDROGEL_PACK,XIREC,10014.0,4
803000,,,VELVETFRUIT_EXTRACT,XIREC,5257.0,3
804500,,SUBMISSION,HYDROGEL_PACK,XIREC,10019.0,5
805000,,,VELVETFRUIT_EXTRACT,XIREC,5259.0,3
805600,SUBMISSION,,VEV_4000,XIREC,1251.0,2
807300,,,VELVETFRUIT_EXTRACT,XIREC,5263.0,6
808200,SUBMISSION,,VEV_4000,XIREC,1258.0,2
808800,SUBMISSION,,VEV_5300,XIREC,44.0,4
808800,SUBMISSION,,VEV_5400,XIREC,12.0,3
808800,SUBMISSION,,VEV_5500,XIREC,4.0,2
808800,,,VEV_5400,XIREC,12.0,1
808800,,,VEV_5500,XIREC,4.0,2
808800,,,VEV_6000,XIREC,0.0,4
808800,,,VEV_6500,XIREC,0.0,4
809100,SUBMISSION,,VEV_4000,XIREC,1253.0,3
810000,,,VELVETFRUIT_EXTRACT,XIREC,5256.0,5
810800,,,VELVETFRUIT_EXTRACT,XIREC,5250.0,5
812300,,,VELVETFRUIT_EXTRACT,XIREC,5245.0,8
812600,,,VELVETFRUIT_EXTRACT,XIREC,5251.0,5
812700,SUBMISSION,,HYDROGEL_PACK,XIREC,10006.0,3
813500,SUBMISSION,,VELVETFRUIT_EXTRACT,XIREC,5241.0,4
815900,,,VELVETFRUIT_EXTRACT,XIREC,5246.0,3
816300,,SUBMISSION,HYDROGEL_PACK,XIREC,10024.0,15
816400,,SUBMISSION,HYDROGEL_PACK,XIREC,10025.0,12
816400,,SUBMISSION,HYDROGEL_PACK,XIREC,10023.0,21
816500,,SUBMISSION,HYDROGEL_PACK,XIREC,10026.0,12
816500,,SUBMISSION,HYDROGEL_PACK,XIREC,10023.0,29
816600,,SUBMISSION,HYDROGEL_PACK,XIREC,10027.0,14
816600,,SUBMISSION,HYDROGEL_PACK,XIREC,10024.0,20
816700,,SUBMISSION,HYDROGEL_PACK,XIREC,10025.0,11
816700,,SUBMISSION,HYDROGEL_PACK,XIREC,10023.0,23
816800,,SUBMISSION,HYDROGEL_PACK,XIREC,10023.0,12
816800,,SUBMISSION,HYDROGEL_PACK,XIREC,10021.0,26
816800,,SUBMISSION,VEV_4000,XIREC,1248.0,3
816900,,SUBMISSION,HYDROGEL_PACK,XIREC,10022.0,12
816900,,SUBMISSION,HYDROGEL_PACK,XIREC,10020.0,20
817000,,SUBMISSION,HYDROGEL_PACK,XIREC,10022.0,15
817000,,SUBMISSION,HYDROGEL_PACK,XIREC,10019.0,23
817100,,SUBMISSION,HYDROGEL_PACK,XIREC,10022.0,10
817100,,SUBMISSION,HYDROGEL_PACK,XIREC,10020.0,30
817200,,SUBMISSION,HYDROGEL_PACK,XIREC,10023.0,14
817200,,SUBMISSION,HYDROGEL_PACK,XIREC,10021.0,20
817300,,SUBMISSION,HYDROGEL_PACK,XIREC,10024.0,12
817400,,SUBMISSION,HYDROGEL_PACK,XIREC,10027.0,14
817400,,SUBMISSION,HYDROGEL_PACK,XIREC,10024.0,11
818600,,,HYDROGEL_PACK,XIREC,10039.0,3
819500,,,VELVETFRUIT_EXTRACT,XIREC,5248.0,7
819600,SUBMISSION,,VEV_4000,XIREC,1246.0,3
820200,,SUBMISSION,VELVETFRUIT_EXTRACT,XIREC,5251.0,4
822500,,,VELVETFRUIT_EXTRACT,XIREC,5255.0,5
823500,,,VELVETFRUIT_EXTRACT,XIREC,5254.0,8
823600,SUBMISSION,,VEV_4000,XIREC,1246.0,3
824000,,,HYDROGEL_PACK,XIREC,10027.0,4
825200,,,VELVETFRUIT_EXTRACT,XIREC,5256.0,4
825500,,SUBMISSION,VEV_4000,XIREC,1261.0,3
825600,,,VELVETFRUIT_EXTRACT,XIREC,5259.0,6
825700,,,VELVETFRUIT_EXTRACT,XIREC,5259.0,6
825900,SUBMISSION,,VEV_5400,XIREC,12.0,2
825900,SUBMISSION,,VEV_5500,XIREC,4.0,2
825900,,,VEV_6000,XIREC,0.0,2
825900,,,VEV_6500,XIREC,0.0,2
826400,SUBMISSION,,VEV_5300,XIREC,42.0,4
826400,SUBMISSION,,VEV_5400,XIREC,12.0,3
826400,SUBMISSION,,VEV_5500,XIREC,4.0,2
826400,,,VEV_5400,XIREC,12.0,1
826400,,,VEV_5500,XIREC,4.0,2
826400,,,VEV_6000,XIREC,0.0,4
826400,,,VEV_6500,XIREC,0.0,4
827000,,,HYDROGEL_PACK,XIREC,10024.0,5
827300,,SUBMISSION,VEV_4000,XIREC,1259.0,2
827900,,,VELVETFRUIT_EXTRACT,XIREC,5256.0,3
828400,,,VELVETFRUIT_EXTRACT,XIREC,5258.0,3
829800,,,VELVETFRUIT_EXTRACT,XIREC,5254.0,7
830600,,,HYDROGEL_PACK,XIREC,10024.0,3
831300,,,VELVETFRUIT_EXTRACT,XIREC,5257.0,3
833300,,SUBMISSION,VEV_4000,XIREC,1260.0,2
833700,,,VELVETFRUIT_EXTRACT,XIREC,5258.0,5
834000,,,HYDROGEL_PACK,XIREC,10017.0,4
836300,SUBMISSION,,VEV_5300,XIREC,43.0,4
836300,SUBMISSION,,VEV_5400,XIREC,12.0,2
836300,SUBMISSION,,VEV_5500,XIREC,4.0,1
836300,,,VEV_5400,XIREC,12.0,2
836300,,,VEV_5500,XIREC,4.0,3
836300,,,VEV_6000,XIREC,0.0,4
836300,,,VEV_6500,XIREC,0.0,4
836500,,,VELVETFRUIT_EXTRACT,XIREC,5256.0,4
840900,,,VELVETFRUIT_EXTRACT,XIREC,5255.0,8
840900,,,VELVETFRUIT_EXTRACT,XIREC,5256.0,11
841800,,,VELVETFRUIT_EXTRACT,XIREC,5258.0,8
842800,SUBMISSION,,HYDROGEL_PACK,XIREC,10009.0,6
843300,,,HYDROGEL_PACK,XIREC,10026.0,3
844300,,,VELVETFRUIT_EXTRACT,XIREC,5262.0,7
844800,,,VELVETFRUIT_EXTRACT,XIREC,5260.0,5
845400,,,VELVETFRUIT_EXTRACT,XIREC,5259.0,7
848300,,,VELVETFRUIT_EXTRACT,XIREC,5260.0,7
848400,,,VELVETFRUIT_EXTRACT,XIREC,5256.0,11
849400,SUBMISSION,,HYDROGEL_PACK,XIREC,9997.0,6
850200,SUBMISSION,,VEV_4000,XIREC,1252.0,1
855100,,SUBMISSION,HYDROGEL_PACK,XIREC,10017.0,3
855100,,,HYDROGEL_PACK,XIREC,10018.0,1
856600,SUBMISSION,,HYDROGEL_PACK,XIREC,10002.0,2
859700,SUBMISSION,,VELVETFRUIT_EXTRACT,XIREC,5252.0,13
860300,,,VELVETFRUIT_EXTRACT,XIREC,5253.0,3
861000,SUBMISSION,,VELVETFRUIT_EXTRACT,XIREC,5252.0,4
861200,,SUBMISSION,HYDROGEL_PACK,XIREC,10020.0,2
861800,SUBMISSION,,HYDROGEL_PACK,XIREC,9997.0,6
862800,SUBMISSION,,HYDROGEL_PACK,XIREC,10003.0,12
862900,,,VELVETFRUIT_EXTRACT,XIREC,5253.0,8
863200,,,VELVETFRUIT_EXTRACT,XIREC,5252.0,3
863300,SUBMISSION,,HYDROGEL_PACK,XIREC,9991.0,5
863600,SUBMISSION,,HYDROGEL_PACK,XIREC,9996.0,9
863700,SUBMISSION,,HYDROGEL_PACK,XIREC,10003.0,15
863800,SUBMISSION,,HYDROGEL_PACK,XIREC,10001.0,10
863800,SUBMISSION,,HYDROGEL_PACK,XIREC,10003.0,26
864000,SUBMISSION,,HYDROGEL_PACK,XIREC,10001.0,15
864000,SUBMISSION,,HYDROGEL_PACK,XIREC,10003.0,2
864200,SUBMISSION,,HYDROGEL_PACK,XIREC,9991.0,3
864300,,,VELVETFRUIT_EXTRACT,XIREC,5257.0,4
864700,SUBMISSION,,HYDROGEL_PACK,XIREC,10000.0,12
864700,SUBMISSION,,HYDROGEL_PACK,XIREC,10003.0,12
865300,SUBMISSION,,HYDROGEL_PACK,XIREC,9999.0,14
865300,SUBMISSION,,HYDROGEL_PACK,XIREC,10001.0,17
866200,,,HYDROGEL_PACK,XIREC,9999.0,3
866800,,,HYDROGEL_PACK,XIREC,10002.0,6
866900,,,HYDROGEL_PACK,XIREC,10001.0,2
867100,SUBMISSION,,HYDROGEL_PACK,XIREC,9992.0,6
867100,SUBMISSION,,HYDROGEL_PACK,XIREC,10001.0,12
867100,SUBMISSION,,HYDROGEL_PACK,XIREC,10003.0,27
867500,SUBMISSION,,HYDROGEL_PACK,XIREC,9993.0,6
869900,SUBMISSION,,HYDROGEL_PACK,XIREC,9988.0,2
870100,,,HYDROGEL_PACK,XIREC,10001.0,2
870400,,,HYDROGEL_PACK,XIREC,9999.0,4
872400,SUBMISSION,,VELVETFRUIT_EXTRACT,XIREC,5248.0,15
872400,,,VELVETFRUIT_EXTRACT,XIREC,5248.0,15
872600,SUBMISSION,,VEV_5300,XIREC,39.0,2
872600,SUBMISSION,,VEV_5400,XIREC,10.0,2
872600,SUBMISSION,,VEV_5500,XIREC,3.0,1
872600,,,VEV_5500,XIREC,3.0,1
872600,,,VEV_6000,XIREC,0.0,2
872600,,,VEV_6500,XIREC,0.0,2
873300,SUBMISSION,,HYDROGEL_PACK,XIREC,9996.0,11
873300,SUBMISSION,,HYDROGEL_PACK,XIREC,9998.0,22
873400,SUBMISSION,,HYDROGEL_PACK,XIREC,9994.0,14
873400,SUBMISSION,,HYDROGEL_PACK,XIREC,9996.0,26
873800,SUBMISSION,,VELVETFRUIT_EXTRACT,XIREC,5245.0,14
874200,SUBMISSION,,HYDROGEL_PACK,XIREC,9993.0,14
874200,SUBMISSION,,HYDROGEL_PACK,XIREC,9995.0,28
874800,SUBMISSION,,VELVETFRUIT_EXTRACT,XIREC,5248.0,8
875400,SUBMISSION,,HYDROGEL_PACK,XIREC,9993.0,1
875900,,SUBMISSION,VEV_4000,XIREC,1254.0,1
876500,SUBMISSION,,VEV_5200,XIREC,84.0,3
876500,SUBMISSION,,VEV_5400,XIREC,10.0,2
876500,SUBMISSION,,VEV_5500,XIREC,3.0,1
876500,,,VEV_5400,XIREC,10.0,1
876500,,,VEV_5500,XIREC,3.0,2
876500,,,VEV_6000,XIREC,0.0,3
876500,,,VEV_6500,XIREC,0.0,3
876900,SUBMISSION,,HYDROGEL_PACK,XIREC,9978.0,5
877400,SUBMISSION,,HYDROGEL_PACK,XIREC,9992.0,3
877900,SUBMISSION,,HYDROGEL_PACK,XIREC,9991.0,14
877900,SUBMISSION,,HYDROGEL_PACK,XIREC,9993.0,6
878000,SUBMISSION,,VELVETFRUIT_EXTRACT,XIREC,5244.0,4
879100,SUBMISSION,,HYDROGEL_PACK,XIREC,9982.0,7
879100,SUBMISSION,,HYDROGEL_PACK,XIREC,9991.0,15
879100,SUBMISSION,,HYDROGEL_PACK,XIREC,9993.0,5
879100,SUBMISSION,,VEV_4000,XIREC,1242.0,2
880000,SUBMISSION,,VEV_4000,XIREC,1247.0,3
880800,,,HYDROGEL_PACK,XIREC,9993.0,5
881200,,SUBMISSION,VELVETFRUIT_EXTRACT,XIREC,5252.0,4
881900,SUBMISSION,,HYDROGEL_PACK,XIREC,9986.0,2
883000,,,VELVETFRUIT_EXTRACT,XIREC,5251.0,4
884100,SUBMISSION,,VEV_4000,XIREC,1251.0,2
885600,,SUBMISSION,VELVETFRUIT_EXTRACT,XIREC,5258.0,16
885600,,SUBMISSION,VELVETFRUIT_EXTRACT,XIREC,5257.0,38
886000,,,VELVETFRUIT_EXTRACT,XIREC,5265.0,3
887000,,,VELVETFRUIT_EXTRACT,XIREC,5268.0,4
887900,,,VELVETFRUIT_EXTRACT,XIREC,5269.0,15
889900,,,VELVETFRUIT_EXTRACT,XIREC,5262.0,3
890200,,,HYDROGEL_PACK,XIREC,9994.0,5
891400,,,VELVETFRUIT_EXTRACT,XIREC,5268.0,4
891600,,,HYDROGEL_PACK,XIREC,9976.0,6
891800,,,VELVETFRUIT_EXTRACT,XIREC,5272.0,7
892900,,,VELVETFRUIT_EXTRACT,XIREC,5275.0,5
894800,,SUBMISSION,VEV_4000,XIREC,1277.0,2
894900,,,HYDROGEL_PACK,XIREC,9993.0,2
898100,,,VELVETFRUIT_EXTRACT,XIREC,5277.0,8
898600,SUBMISSION,,VEV_5300,XIREC,52.0,2
898600,SUBMISSION,,VEV_5500,XIREC,5.0,1
898600,,,VEV_5500,XIREC,5.0,1
898600,,,VEV_6000,XIREC,0.0,2
898600,,,VEV_6500,XIREC,0.0,2
899900,,,HYDROGEL_PACK,XIREC,10001.0,3
900500,,,VELVETFRUIT_EXTRACT,XIREC,5282.0,3
901000,,,VELVETFRUIT_EXTRACT,XIREC,5281.0,8
901700,,,VELVETFRUIT_EXTRACT,XIREC,5284.0,4
901800,,,VELVETFRUIT_EXTRACT,XIREC,5279.0,8
902500,,SUBMISSION,HYDROGEL_PACK,XIREC,10018.0,5
902700,,,VELVETFRUIT_EXTRACT,XIREC,5282.0,9
903600,SUBMISSION,,HYDROGEL_PACK,XIREC,10000.0,3
903600,,,HYDROGEL_PACK,XIREC,9999.0,1
904000,,,VELVETFRUIT_EXTRACT,XIREC,5285.0,5
906500,,,VELVETFRUIT_EXTRACT,XIREC,5280.0,7
910900,SUBMISSION,,VEV_5500,XIREC,5.0,1
910900,,,VEV_5500,XIREC,5.0,3
910900,,,VEV_6000,XIREC,0.0,4
910900,,,VEV_6500,XIREC,0.0,4
912000,,,VELVETFRUIT_EXTRACT,XIREC,5276.0,9
913200,,,HYDROGEL_PACK,XIREC,9992.0,2
914100,,SUBMISSION,VEV_4000,XIREC,1287.0,2
914300,,,VELVETFRUIT_EXTRACT,XIREC,5280.0,8
914600,,,VELVETFRUIT_EXTRACT,XIREC,5285.0,8
915400,,,VELVETFRUIT_EXTRACT,XIREC,5281.0,7
915700,,,VELVETFRUIT_EXTRACT,XIREC,5285.0,6
918200,,,HYDROGEL_PACK,XIREC,10006.0,5
918800,,,VELVETFRUIT_EXTRACT,XIREC,5286.0,8
921800,,SUBMISSION,HYDROGEL_PACK,XIREC,10010.0,3
922100,,,VELVETFRUIT_EXTRACT,XIREC,5289.0,4
923800,,,HYDROGEL_PACK,XIREC,10006.0,6
924100,,,VELVETFRUIT_EXTRACT,XIREC,5285.0,6
924200,SUBMISSION,,VEV_5500,XIREC,6.0,1
924200,,,VEV_5500,XIREC,6.0,4
924200,,,VEV_6000,XIREC,0.0,5
924200,,,VEV_6500,XIREC,0.0,5
925100,,SUBMISSION,VEV_4000,XIREC,1287.0,2
927200,,,VELVETFRUIT_EXTRACT,XIREC,5283.0,3
927700,SUBMISSION,,HYDROGEL_PACK,XIREC,9983.0,3
927700,,,HYDROGEL_PACK,XIREC,9982.0,1
928800,,,HYDROGEL_PACK,XIREC,9977.0,6
929100,,,VELVETFRUIT_EXTRACT,XIREC,5277.0,8
929600,,,HYDROGEL_PACK,XIREC,9987.0,6
929900,,,VELVETFRUIT_EXTRACT,XIREC,5279.0,7
933200,,,VELVETFRUIT_EXTRACT,XIREC,5275.0,6
934300,,,VELVETFRUIT_EXTRACT,XIREC,5278.0,8
934400,,SUBMISSION,HYDROGEL_PACK,XIREC,10017.0,6
934900,,SUBMISSION,HYDROGEL_PACK,XIREC,10014.0,14
934900,SUBMISSION,,VEV_5400,XIREC,16.0,2
934900,SUBMISSION,,VEV_5500,XIREC,5.0,1
934900,,,VEV_5400,XIREC,16.0,3
934900,,,VEV_5500,XIREC,5.0,4
934900,,,VEV_6000,XIREC,0.0,5
934900,,,VEV_6500,XIREC,0.0,5
935000,,SUBMISSION,HYDROGEL_PACK,XIREC,10017.0,15
935000,,SUBMISSION,HYDROGEL_PACK,XIREC,10014.0,28
935100,,SUBMISSION,HYDROGEL_PACK,XIREC,10017.0,14
935100,,SUBMISSION,HYDROGEL_PACK,XIREC,10014.0,26
935200,,SUBMISSION,HYDROGEL_PACK,XIREC,10019.0,13
935200,,SUBMISSION,HYDROGEL_PACK,XIREC,10017.0,30
935300,,SUBMISSION,HYDROGEL_PACK,XIREC,10018.0,11
935300,,SUBMISSION,HYDROGEL_PACK,XIREC,10016.0,22
935400,,SUBMISSION,HYDROGEL_PACK,XIREC,10017.0,14
935400,,SUBMISSION,HYDROGEL_PACK,XIREC,10015.0,21
935400,,,HYDROGEL_PACK,XIREC,10017.0,3
935500,,SUBMISSION,HYDROGEL_PACK,XIREC,10019.0,12
935500,,SUBMISSION,HYDROGEL_PACK,XIREC,10016.0,24
935600,,SUBMISSION,HYDROGEL_PACK,XIREC,10017.0,15
935600,,SUBMISSION,HYDROGEL_PACK,XIREC,10015.0,20
935700,,SUBMISSION,HYDROGEL_PACK,XIREC,10015.0,12
935700,,SUBMISSION,HYDROGEL_PACK,XIREC,10013.0,25
935800,,SUBMISSION,HYDROGEL_PACK,XIREC,10017.0,14
935800,,SUBMISSION,HYDROGEL_PACK,XIREC,10014.0,28
935900,,SUBMISSION,HYDROGEL_PACK,XIREC,10015.0,12
936000,,SUBMISSION,HYDROGEL_PACK,XIREC,10015.0,14
936000,,,VELVETFRUIT_EXTRACT,XIREC,5273.0,7
936100,,SUBMISSION,HYDROGEL_PACK,XIREC,10015.0,1
936600,,,VELVETFRUIT_EXTRACT,XIREC,5270.0,8
940100,,,HYDROGEL_PACK,XIREC,10025.0,6
940500,,,HYDROGEL_PACK,XIREC,10003.0,2
941000,,,VELVETFRUIT_EXTRACT,XIREC,5274.0,9
941900,,,HYDROGEL_PACK,XIREC,10006.0,2
942700,,,VELVETFRUIT_EXTRACT,XIREC,5269.0,3
942800,,,VELVETFRUIT_EXTRACT,XIREC,5274.0,4
944300,SUBMISSION,,HYDROGEL_PACK,XIREC,9989.0,5
945100,,,VELVETFRUIT_EXTRACT,XIREC,5278.0,8
945400,,,VELVETFRUIT_EXTRACT,XIREC,5279.0,3
947700,SUBMISSION,,HYDROGEL_PACK,XIREC,9992.0,6
947900,SUBMISSION,,HYDROGEL_PACK,XIREC,9984.0,6
947900,,,VELVETFRUIT_EXTRACT,XIREC,5275.0,5
948000,SUBMISSION,,VEV_5500,XIREC,5.0,1
948000,,,VEV_5500,XIREC,5.0,3
948000,,,VEV_6000,XIREC,0.0,4
948000,,,VEV_6500,XIREC,0.0,4
948400,,,HYDROGEL_PACK,XIREC,10002.0,5
948500,SUBMISSION,,VEV_5300,XIREC,49.0,5
948500,SUBMISSION,,VEV_5400,XIREC,15.0,2
948500,SUBMISSION,,VEV_5500,XIREC,5.0,1
948500,,,VEV_5400,XIREC,15.0,3
948500,,,VEV_5500,XIREC,5.0,4
948500,,,VEV_6000,XIREC,0.0,5
948500,,,VEV_6500,XIREC,0.0,5
948800,,,VELVETFRUIT_EXTRACT,XIREC,5278.0,7
948900,,,VELVETFRUIT_EXTRACT,XIREC,5278.0,5
949300,SUBMISSION,,HYDROGEL_PACK,XIREC,9985.0,10
949500,SUBMISSION,,HYDROGEL_PACK,XIREC,9986.0,10
949600,SUBMISSION,,HYDROGEL_PACK,XIREC,9993.0,14
949700,SUBMISSION,,HYDROGEL_PACK,XIREC,9994.0,10
949800,SUBMISSION,,HYDROGEL_PACK,XIREC,9994.0,11
949800,SUBMISSION,,HYDROGEL_PACK,XIREC,9979.0,6
950100,SUBMISSION,,HYDROGEL_PACK,XIREC,9994.0,11
950200,SUBMISSION,,HYDROGEL_PACK,XIREC,9991.0,13
950200,SUBMISSION,,HYDROGEL_PACK,XIREC,9994.0,27
950300,SUBMISSION,,HYDROGEL_PACK,XIREC,9992.0,12
950300,SUBMISSION,,HYDROGEL_PACK,XIREC,9995.0,29
950400,SUBMISSION,,HYDROGEL_PACK,XIREC,9991.0,10
950400,SUBMISSION,,HYDROGEL_PACK,XIREC,9993.0,28
950500,SUBMISSION,,HYDROGEL_PACK,XIREC,9993.0,13
950500,SUBMISSION,,HYDROGEL_PACK,XIREC,9995.0,29
950600,SUBMISSION,,HYDROGEL_PACK,XIREC,9992.0,10
950600,SUBMISSION,,HYDROGEL_PACK,XIREC,9995.0,25
950700,SUBMISSION,,HYDROGEL_PACK,XIREC,9992.0,15
950700,SUBMISSION,,HYDROGEL_PACK,XIREC,9994.0,25
950800,SUBMISSION,,HYDROGEL_PACK,XIREC,9991.0,15
950800,SUBMISSION,,HYDROGEL_PACK,XIREC,9994.0,26
953000,SUBMISSION,,HYDROGEL_PACK,XIREC,9990.0,10
953100,SUBMISSION,,HYDROGEL_PACK,XIREC,9979.0,8
953100,SUBMISSION,,HYDROGEL_PACK,XIREC,9988.0,10
953100,SUBMISSION,,HYDROGEL_PACK,XIREC,9990.0,3
955900,,,VELVETFRUIT_EXTRACT,XIREC,5273.0,6
956000,,,VELVETFRUIT_EXTRACT,XIREC,5276.0,7
957400,,,VELVETFRUIT_EXTRACT,XIREC,5275.0,5
958400,,,HYDROGEL_PACK,XIREC,9993.0,4
958700,,,VELVETFRUIT_EXTRACT,XIREC,5271.0,8
959100,,,VELVETFRUIT_EXTRACT,XIREC,5274.0,3
959400,,,VELVETFRUIT_EXTRACT,XIREC,5271.0,7
960400,,,VELVETFRUIT_EXTRACT,XIREC,5267.0,4
961700,SUBMISSION,,VEV_4000,XIREC,1262.0,3
961700,,,HYDROGEL_PACK,XIREC,9990.0,5
963700,,,VELVETFRUIT_EXTRACT,XIREC,5266.0,7
964300,SUBMISSION,,VELVETFRUIT_EXTRACT,XIREC,5265.0,4
965500,,,HYDROGEL_PACK,XIREC,9998.0,6
965600,SUBMISSION,,VEV_4000,XIREC,1261.0,3
967500,,SUBMISSION,HYDROGEL_PACK,XIREC,10021.0,4
967900,,,VELVETFRUIT_EXTRACT,XIREC,5262.0,3
968300,,,VELVETFRUIT_EXTRACT,XIREC,5263.0,8
968600,,SUBMISSION,HYDROGEL_PACK,XIREC,10014.0,5
970000,SUBMISSION,,VELVETFRUIT_EXTRACT,XIREC,5261.0,8
970300,,SUBMISSION,HYDROGEL_PACK,XIREC,10005.0,3
970700,,,VELVETFRUIT_EXTRACT,XIREC,5265.0,4
972700,,SUBMISSION,VELVETFRUIT_EXTRACT,XIREC,5270.0,3
972700,,,VELVETFRUIT_EXTRACT,XIREC,5271.0,5
972800,SUBMISSION,,VEV_5300,XIREC,46.0,2
972800,SUBMISSION,,VEV_5500,XIREC,4.0,1
972800,,,VEV_5500,XIREC,4.0,1
972800,,,VEV_6000,XIREC,0.0,2
972800,,,VEV_6500,XIREC,0.0,2
974300,,,VELVETFRUIT_EXTRACT,XIREC,5266.0,5
975900,SUBMISSION,,VEV_4000,XIREC,1267.0,1
976200,SUBMISSION,,HYDROGEL_PACK,XIREC,9998.0,2
976800,,,HYDROGEL_PACK,XIREC,10005.0,2
977200,,,VELVETFRUIT_EXTRACT,XIREC,5267.0,5
977300,SUBMISSION,,VEV_5300,XIREC,46.0,4
977300,SUBMISSION,,VEV_5500,XIREC,4.0,1
977300,,,VEV_5500,XIREC,4.0,3
977300,,,VEV_6000,XIREC,0.0,4
977300,,,VEV_6500,XIREC,0.0,4
977500,SUBMISSION,,VEV_5300,XIREC,46.0,2
977500,SUBMISSION,,VEV_5500,XIREC,4.0,1
977500,,,VEV_5500,XIREC,4.0,1
977500,,,VEV_6000,XIREC,0.0,2
977500,,,VEV_6500,XIREC,0.0,2
978200,SUBMISSION,,VEV_4000,XIREC,1264.0,2
978400,,,VELVETFRUIT_EXTRACT,XIREC,5270.0,8
978600,,,HYDROGEL_PACK,XIREC,9998.0,3
978600,,,VELVETFRUIT_EXTRACT,XIREC,5272.0,4
978700,,,HYDROGEL_PACK,XIREC,10000.0,2
981200,,,VELVETFRUIT_EXTRACT,XIREC,5271.0,3
982000,,,HYDROGEL_PACK,XIREC,10003.0,2
982500,SUBMISSION,,VEV_4000,XIREC,1268.0,2
983700,,SUBMISSION,HYDROGEL_PACK,XIREC,10004.0,2
984200,,SUBMISSION,HYDROGEL_PACK,XIREC,10008.0,3
984700,SUBMISSION,,HYDROGEL_PACK,XIREC,9985.0,5
985000,,,VELVETFRUIT_EXTRACT,XIREC,5274.0,4
986100,,,VELVETFRUIT_EXTRACT,XIREC,5277.0,6
988300,,,VELVETFRUIT_EXTRACT,XIREC,5284.0,5
991200,,SUBMISSION,HYDROGEL_PACK,XIREC,10014.0,14
991200,,SUBMISSION,HYDROGEL_PACK,XIREC,10011.0,27
991300,,SUBMISSION,HYDROGEL_PACK,XIREC,10015.0,15
991300,,SUBMISSION,HYDROGEL_PACK,XIREC,10013.0,26
991400,,SUBMISSION,HYDROGEL_PACK,XIREC,10015.0,12
991400,,SUBMISSION,HYDROGEL_PACK,XIREC,10012.0,30
991500,,SUBMISSION,HYDROGEL_PACK,XIREC,10018.0,14
991500,,SUBMISSION,HYDROGEL_PACK,XIREC,10015.0,23
991600,,SUBMISSION,HYDROGEL_PACK,XIREC,10017.0,11
991600,,SUBMISSION,HYDROGEL_PACK,XIREC,10015.0,23
991700,,SUBMISSION,HYDROGEL_PACK,XIREC,10016.0,10
991700,,SUBMISSION,HYDROGEL_PACK,XIREC,10014.0,25
991800,,SUBMISSION,HYDROGEL_PACK,XIREC,10015.0,11
991800,,SUBMISSION,HYDROGEL_PACK,XIREC,10013.0,30
991900,,SUBMISSION,HYDROGEL_PACK,XIREC,10014.0,13
991900,,SUBMISSION,HYDROGEL_PACK,XIREC,10012.0,26
992000,,SUBMISSION,HYDROGEL_PACK,XIREC,10014.0,11
992000,,SUBMISSION,HYDROGEL_PACK,XIREC,10011.0,23
992100,,SUBMISSION,HYDROGEL_PACK,XIREC,10011.0,10
992200,,SUBMISSION,HYDROGEL_PACK,XIREC,10013.0,15
992200,,SUBMISSION,HYDROGEL_PACK,XIREC,10028.0,4
992300,,SUBMISSION,HYDROGEL_PACK,XIREC,10013.0,12
992300,,SUBMISSION,HYDROGEL_PACK,XIREC,10011.0,2
992900,,,VELVETFRUIT_EXTRACT,XIREC,5284.0,8
993200,,,HYDROGEL_PACK,XIREC,10024.0,6
993500,,,VELVETFRUIT_EXTRACT,XIREC,5280.0,13
993800,SUBMISSION,,VEV_5300,XIREC,50.0,5
993800,SUBMISSION,,VEV_5400,XIREC,16.0,2
993800,SUBMISSION,,VEV_5500,XIREC,5.0,1
993800,,,VEV_5400,XIREC,16.0,3
993800,,,VEV_5500,XIREC,5.0,4
993800,,,VEV_6000,XIREC,0.0,5
993800,,,VEV_6500,XIREC,0.0,5
994400,,SUBMISSION,VELVETFRUIT_EXTRACT,XIREC,5281.0,9
994800,,,HYDROGEL_PACK,XIREC,10011.0,4
995100,,,VELVETFRUIT_EXTRACT,XIREC,5289.0,7
996300,,,VELVETFRUIT_EXTRACT,XIREC,5290.0,3
996500,,,HYDROGEL_PACK,XIREC,10010.0,2
996500,,,VELVETFRUIT_EXTRACT,XIREC,5291.0,3
998800,,SUBMISSION,VEV_4000,XIREC,1302.0,3
